Tanggal,Jam,Vision Output Power (KW),Beam Voltage (KV),Beam Current (A),Driver FWD Power (W),Water Temp In (C),Water Temp Out (C)
2025-03-01,02:00:00,0.402261842887519,-0.9846567103054282,0.8618600915626763,0.7071912958681839,0.9413773853008294,0.9746053079730063
2025-03-01,04:00:00,0.6236868885700505,0.1304924771238898,0.8618600915626763,0.7071912958681839,-0.14624596059970457,-0.49055042791552905
2025-03-01,06:00:00,0.706721280700998,-0.3474286032029446,0.8618600915626763,0.9857833356041745,0.9413773853008294,0.9746053079730063
2025-03-01,08:00:00,0.706721280700998,-0.3474286032029446,0.8618600915626763,0.9857833356041745,0.5788362700006514,0.6083163740008725
2025-03-01,10:00:00,0.5129743657287823,0.1304924771238898,0.12455985654006858,0.9857833356041745,-0.14624596059970457,-0.12426149394339522
2025-03-01,12:00:00,0.2915493200462507,-0.6660426567541864,0.8618600915626763,0.42859925613219313,-0.8713281912000604,-0.49055042791552905
2025-03-01,14:00:00,-0.012910117767228281,-0.6660426567541864,0.8618600915626763,0.42859925613219313,1.6664596159011853,1.707183175917274
2025-03-01,16:00:00,-0.04058824847754411,0.1304924771238898,1.5991603265852676,0.42859925613219313,-0.14624596059970457,-0.12426149394339522
2025-03-01,18:00:00,-0.1236226406084916,0.1304924771238898,0.12455985654006858,0.1500072163962024,1.3039185006010072,1.3408942419451402
2025-03-01,20:00:00,-0.1236226406084916,2.0421767984313974,0.8618600915626763,0.1500072163962024,0.5788362700006514,0.6083163740008725
2025-03-01,22:00:00,0.18083679720498744,-0.3474286032029446,3.0737607966304994,0.1500072163962024,1.3039185006010072,0.9746053079730063
2025-03-01,00:00:00,0.2915493200462507,0.9270276110020226,0.12455985654006858,0.42859925613219313,0.9413773853008294,0.6083163740008725
2025-03-02,02:00:00,0.18083679720498744,-0.3474286032029446,0.12455985654006858,0.42859925613219313,1.3039185006010072,1.3408942419451402
2025-03-02,04:00:00,0.2915493200462507,-0.3474286032029446,0.12455985654006858,0.7071912958681839,0.9413773853008294,0.9746053079730063
2025-03-02,06:00:00,0.20851492791530327,0.4491065306751882,0.12455985654006858,0.7071912958681839,1.6664596159011853,1.707183175917274
2025-03-02,08:00:00,-0.04058824847754411,0.4491065306751882,0.12455985654006858,0.42859925613219313,1.3039185006010072,1.3408942419451402
2025-03-02,10:00:00,-0.06826637918785994,0.4491065306751882,0.12455985654006858,0.1500072163962024,1.6664596159011853,1.707183175917274
2025-03-02,12:00:00,-0.09594450989817577,0.1304924771238898,1.5991603265852676,0.1500072163962024,-0.8713281912000604,-0.8568393618876629
2025-03-02,14:00:00,-0.4834383398426072,0.4491065306751882,0.12455985654006858,-0.12858482333978832,-0.5087870758998825,-0.49055042791552905
2025-03-02,16:00:00,-0.4834383398426072,-0.6660426567541864,-0.612740378482539,-0.12858482333978832,-0.8713281912000604,-0.8568393618876629
2025-03-02,18:00:00,-0.45576020913229137,0.1304924771238898,0.12455985654006858,-0.12858482333978832,1.6664596159011853,1.707183175917274
2025-03-02,20:00:00,-0.4004039477116597,0.1304924771238898,0.12455985654006858,-0.12858482333978832,0.9413773853008294,0.6083163740008725
2025-03-02,22:00:00,-0.012910117767228281,0.1304924771238898,0.8618600915626763,0.1500072163962024,1.3039185006010072,1.3408942419451402
2025-03-02,00:00:00,0.07012427436371921,-0.9846567103054282,0.12455985654006858,0.42859925613219313,0.9413773853008294,0.9746053079730063
2025-03-03,02:00:00,0.3192274507565715,1.7235627448801554,0.8618600915626763,0.7071912958681839,-2.6840337677009503,-2.688284031748332
2025-03-03,04:00:00,-0.15130077131881234,-0.6660426567541864,-0.612740378482539,0.42859925613219313,-2.6840337677009503,-2.688284031748332
2025-03-03,06:00:00,0.3192274507565715,0.4491065306751882,0.8618600915626763,0.7071912958681839,-2.6840337677009503,-2.688284031748332
2025-03-03,08:00:00,0.37458371217720315,-0.3474286032029446,0.8618600915626763,0.7071912958681839,-1.9589515371005943,-2.321995097776198
2025-03-03,10:00:00,0.20851492791530327,0.1304924771238898,0.12455985654006858,0.42859925613219313,-0.8713281912000604,-1.2231282958597967
2025-03-03,12:00:00,-1.5075291761243126,-0.9846567103054282,0.8618600915626763,0.42859925613219313,-0.8713281912000604,-1.5894172298319305
2025-03-03,14:00:00,-0.17897890202912817,-0.3474286032029446,0.8618600915626763,0.1500072163962024,-1.2338693065002384,-1.5894172298319305
2025-03-03,16:00:00,-1.9503792674893756,-0.6660426567541864,0.12455985654006858,0.1500072163962024,-0.8713281912000604,-1.5894172298319305
2025-03-03,18:00:00,-1.6182416989655808,-0.6660426567541864,0.12455985654006858,0.1500072163962024,-1.2338693065002384,-1.5894172298319305
2025-03-03,20:00:00,0.04244614365340338,1.7235627448801554,0.12455985654006858,0.42859925613219313,-1.9589515371005943,-2.321995097776198
2025-03-03,22:00:00,0.07012427436371921,1.7235627448801554,0.12455985654006858,0.42859925613219313,-2.6840337677009503,-2.688284031748332
2025-03-03,00:00:00,0.12548053578435578,-0.3474286032029446,0.8618600915626763,0.42859925613219313,-3.0465748830011283,-2.688284031748332
2025-03-04,02:00:00,0.3192274507565715,2.0421767984313974,0.8618600915626763,0.7071912958681839,0.9413773853008294,0.9746053079730063
2025-03-04,04:00:00,0.3192274507565715,-0.6660426567541864,0.8618600915626763,0.7071912958681839,0.9413773853008294,0.9746053079730063
2025-03-04,06:00:00,0.3469055814668873,-0.6660426567541864,0.8618600915626763,0.7071912958681839,0.9413773853008294,0.9746053079730063
2025-03-04,08:00:00,0.5129743657287823,-0.3474286032029446,0.8618600915626763,0.7071912958681839,0.9413773853008294,0.9746053079730063
2025-03-04,10:00:00,0.3192274507565715,0.1304924771238898,-0.612740378482539,0.7071912958681839,0.2162951547004734,0.2420274400287386
2025-03-04,12:00:00,0.2915493200462507,1.2456416645532644,0.8618600915626763,0.42859925613219313,0.5788362700006514,0.6083163740008725
2025-03-04,14:00:00,0.2361930586256191,0.4491065306751882,0.12455985654006858,0.7071912958681839,1.6664596159011853,1.707183175917274
2025-03-04,16:00:00,0.07012427436371921,-0.3474286032029446,0.12455985654006858,0.1500072163962024,-0.14624596059970457,-0.49055042791552905
2025-03-04,18:00:00,0.1531586664946716,-0.3474286032029446,0.8618600915626763,0.42859925613219313,-0.8713281912000604,-0.8568393618876629
2025-03-04,20:00:00,0.09780240507403995,0.4491065306751882,1.5991603265852676,0.42859925613219313,0.5788362700006514,0.6083163740008725
2025-03-04,22:00:00,0.18083679720498744,0.1304924771238898,0.12455985654006858,0.7071912958681839,-0.5087870758998825,-0.49055042791552905
2025-03-04,00:00:00,0.12548053578435578,2.0421767984313974,0.12455985654006858,0.42859925613219313,0.9413773853008294,0.9746053079730063
2025-03-05,02:00:00,0.20851492791530327,-1.781191844183561,0.12455985654006858,0.42859925613219313,0.5788362700006514,0.2420274400287386
2025-03-05,04:00:00,0.2638711893359349,-0.3474286032029446,0.12455985654006858,0.42859925613219313,1.3039185006010072,1.3408942419451402
2025-03-05,06:00:00,0.3469055814668873,0.4491065306751882,0.12455985654006858,0.7071912958681839,1.3039185006010072,0.9746053079730063
2025-03-05,08:00:00,0.5129743657287823,-0.3474286032029446,0.8618600915626763,0.7071912958681839,0.9413773853008294,0.9746053079730063
2025-03-05,10:00:00,0.3192274507565715,0.1304924771238898,-0.612740378482539,0.7071912958681839,0.2162951547004734,0.2420274400287386
2025-03-05,12:00:00,0.2915493200462507,1.2456416645532644,0.8618600915626763,0.42859925613219313,0.5788362700006514,0.6083163740008725
2025-03-05,14:00:00,0.2361930586256191,0.4491065306751882,0.12455985654006858,0.7071912958681839,1.6664596159011853,1.707183175917274
2025-03-05,16:00:00,0.07012427436371921,-0.3474286032029446,0.12455985654006858,0.1500072163962024,-0.14624596059970457,-0.49055042791552905
2025-03-05,18:00:00,-0.23433516344975983,1.2456416645532644,0.12455985654006858,-0.12858482333978832,0.5788362700006514,0.6083163740008725
2025-03-05,20:00:00,-0.2620132941600757,-0.3474286032029446,0.12455985654006858,0.1500072163962024,0.2162951547004734,0.2420274400287386
2025-03-05,22:00:00,-0.1236226406084916,0.9270276110020226,0.8618600915626763,0.1500072163962024,-0.5087870758998825,-0.49055042791552905
2025-03-05,00:00:00,-0.06826637918785994,-1.4625777906323192,0.8618600915626763,0.1500072163962024,0.2162951547004734,0.2420274400287386
2025-03-06,02:00:00,0.12548053578435578,-0.6660426567541864,0.8618600915626763,0.1500072163962024,-0.8713281912000604,-0.8568393618876629
2025-03-06,04:00:00,0.04244614365340338,-0.6660426567541864,0.8618600915626763,0.42859925613219313,0.5788362700006514,0.6083163740008725
2025-03-06,06:00:00,-0.06826637918785994,-1.4625777906323192,0.8618600915626763,0.42859925613219313,1.3039185006010072,0.9746053079730063
2025-03-06,08:00:00,0.18083679720498744,0.4491065306751882,0.12455985654006858,0.42859925613219313,0.9413773853008294,0.9746053079730063
2025-03-06,10:00:00,0.1531586664946716,-2.259112924510452,0.8618600915626763,0.42859925613219313,1.6664596159011853,1.707183175917274
2025-03-06,12:00:00,-0.012910117767228281,-2.259112924510452,0.8618600915626763,0.42859925613219313,-0.8713281912000604,-0.49055042791552905
2025-03-06,14:00:00,-0.42808207842197554,-0.6660426567541864,-0.612740378482539,-0.12858482333978832,-0.5087870758998825,-0.49055042791552905
2025-03-06,16:00:00,-0.09594450989817577,-0.6660426567541864,-0.612740378482539,-0.12858482333978832,-0.5087870758998825,-0.49055042791552905
2025-03-06,18:00:00,-0.677185254814823,-0.3474286032029446,-0.612740378482539,-0.40717686307577905,1.3039185006010072,0.9746053079730063
2025-03-06,20:00:00,-0.2620132941600757,-0.3474286032029446,0.12455985654006858,0.1500072163962024,0.2162951547004734,0.2420274400287386
2025-03-06,22:00:00,-0.1236226406084916,0.9270276110020226,0.8618600915626763,0.1500072163962024,-0.5087870758998825,-0.49055042791552905
2025-03-06,00:00:00,0.8174338035422662,-1.4625777906323192,1.5991603265852676,0.42859925613219313,-0.5087870758998825,-0.49055042791552905
2025-03-07,02:00:00,0.7897556728319505,-0.3474286032029446,1.5991603265852676,0.9857833356041745,1.3039185006010072,0.9746053079730063
2025-03-07,04:00:00,0.706721280700998,0.9270276110020226,0.12455985654006858,-3.471689300171677,1.3039185006010072,1.3408942419451402
2025-03-07,06:00:00,0.7343994114113138,-0.6660426567541864,0.8618600915626763,0.9857833356041745,0.9413773853008294,0.9746053079730063
2025-03-07,08:00:00,1.0665369799351136,-0.3474286032029446,1.5991603265852676,0.9857833356041745,-0.5087870758998825,-0.49055042791552905
2025-03-07,10:00:00,0.9558244570938454,-0.3474286032029446,0.8618600915626763,0.9857833356041745,0.9413773853008294,0.9746053079730063
2025-03-07,12:00:00,0.7620775421216297,-0.6660426567541864,1.5991603265852676,0.9857833356041745,-0.5087870758998825,-0.49055042791552905
2025-03-07,14:00:00,0.6236868885700505,-0.9846567103054282,0.12455985654006858,0.7071912958681839,-0.8713281912000604,-0.49055042791552905
2025-03-07,16:00:00,0.5129743657287823,1.2456416645532644,0.8618600915626763,0.42859925613219313,-0.5087870758998825,-0.12426149394339522
2025-03-07,18:00:00,0.6236868885700505,-0.6660426567541864,0.8618600915626763,0.7071912958681839,0.9413773853008294,0.9746053079730063
2025-03-07,20:00:00,0.7343994114113138,0.4491065306751882,0.8618600915626763,1.2643753753401652,0.2162951547004734,0.6083163740008725
2025-03-07,22:00:00,0.7897556728319505,0.9270276110020226,0.8618600915626763,0.9857833356041745,-0.5087870758998825,-0.49055042791552905
2025-03-07,00:00:00,0.8451119342525821,-0.3474286032029446,0.8618600915626763,0.9857833356041745,-0.14624596059970457,-0.12426149394339522
2025-03-08,02:00:00,1.3986745484589085,-0.3474286032029446,1.5991603265852676,1.2643753753401652,1.3039185006010072,1.3408942419451402
2025-03-08,04:00:00,0.9835025878041612,0.1304924771238898,0.8618600915626763,0.9857833356041745,-0.8713281912000604,-0.49055042791552905
2025-03-08,06:00:00,1.315640156327961,0.1304924771238898,0.8618600915626763,0.9857833356041745,-1.2338693065002384,-1.2231282958597967
2025-03-08,08:00:00,0.9835025878041612,0.4491065306751882,0.8618600915626763,1.2643753753401652,1.6664596159011853,1.707183175917274
2025-03-08,10:00:00,0.9004681956732138,0.1304924771238898,1.5991603265852676,0.9857833356041745,-0.5087870758998825,-0.49055042791552905
2025-03-08,12:00:00,0.45761810430815064,-0.9846567103054282,0.8618600915626763,0.9857833356041745,0.2162951547004734,0.2420274400287386
2025-03-08,14:00:00,0.7897556728319505,-0.3474286032029446,0.8618600915626763,0.7071912958681839,-0.5087870758998825,-0.49055042791552905
2025-03-08,16:00:00,0.7343994114113138,-0.3474286032029446,0.8618600915626763,0.7071912958681839,-0.5087870758998825,0.2420274400287386
2025-03-08,18:00:00,0.7343994114113138,0.1304924771238898,1.5991603265852676,0.9857833356041745,0.9413773853008294,0.9746053079730063
2025-03-08,20:00:00,0.7897556728319505,-0.3474286032029446,0.8618600915626763,0.7071912958681839,1.3039185006010072,1.3408942419451402
2025-03-08,22:00:00,1.2326057641970085,0.9270276110020226,1.5991603265852676,0.7071912958681839,1.3039185006010072,1.3408942419451402
2025-03-08,00:00:00,1.0388588492247979,0.9270276110020226,0.8618600915626763,0.9857833356041745,0.2162951547004734,0.2420274400287386
2025-03-09,02:00:00,1.0665369799351136,0.4491065306751882,0.8618600915626763,0.9857833356041745,1.3039185006010072,1.3408942419451402
2025-03-09,04:00:00,1.2879620256176452,0.4491065306751882,-0.612740378482539,0.9857833356041745,1.3039185006010072,1.3408942419451402
2025-03-09,06:00:00,1.3986745484589085,-0.6660426567541864,0.8618600915626763,0.9857833356041745,-0.14624596059970457,-0.12426149394339522
2025-03-09,08:00:00,0.7620775421216297,0.1304924771238898,0.8618600915626763,0.9857833356041745,0.9413773853008294,1.3408942419451402
2025-03-09,10:00:00,0.706721280700998,-0.3474286032029446,1.5991603265852676,0.7071912958681839,-0.8713281912000604,-0.49055042791552905
2025-03-09,12:00:00,0.5960087578597347,-0.3474286032029446,1.5991603265852676,0.7071912958681839,-0.8713281912000604,-0.49055042791552905
2025-03-09,14:00:00,0.4299399735978348,0.1304924771238898,0.8618600915626763,0.7071912958681839,-0.5087870758998825,-0.49055042791552905
2025-03-09,16:00:00,0.402261842887519,-0.6660426567541864,0.8618600915626763,0.42859925613219313,-0.8713281912000604,-0.49055042791552905
2025-03-09,18:00:00,0.37458371217720315,0.9270276110020226,0.8618600915626763,0.7071912958681839,0.9413773853008294,0.9746053079730063
2025-03-09,20:00:00,0.4299399735978348,-0.9846567103054282,0.8618600915626763,0.7071912958681839,-0.5087870758998825,-0.12426149394339522
2025-03-09,22:00:00,0.706721280700998,-0.6660426567541864,0.8618600915626763,0.7071912958681839,0.9413773853008294,1.3408942419451402
2025-03-09,00:00:00,0.7343994114113138,1.2456416645532644,0.8618600915626763,0.7071912958681839,1.3039185006010072,1.3408942419451402
2025-03-10,02:00:00,0.7620775421216297,-0.3474286032029446,1.5991603265852676,0.7071912958681839,1.3039185006010072,0.6083163740008725
2025-03-10,04:00:00,0.9281463263835296,-1.781191844183561,0.12455985654006858,0.7071912958681839,0.5788362700006514,0.6083163740008725
2025-03-10,06:00:00,0.8174338035422662,-0.3474286032029446,0.8618600915626763,0.9857833356041745,0.9413773853008294,0.9746053079730063
2025-03-10,08:00:00,0.9281463263835296,0.1304924771238898,1.5991603265852676,0.9857833356041745,0.5788362700006514,0.6083163740008725
2025-03-10,10:00:00,0.7343994114113138,-0.3474286032029446,1.5991603265852676,0.7071912958681839,1.6664596159011853,1.707183175917274
2025-03-10,12:00:00,0.7343994114113138,-0.3474286032029446,0.12455985654006858,0.7071912958681839,-0.8713281912000604,-0.8568393618876629
2025-03-10,14:00:00,0.5683306271494188,0.4491065306751882,0.8618600915626763,0.7071912958681839,-0.8713281912000604,-0.49055042791552905
2025-03-10,16:00:00,0.45761810430815064,0.9270276110020226,0.8618600915626763,0.7071912958681839,-0.8713281912000604,-0.8568393618876629
2025-03-10,18:00:00,0.45761810430815064,0.4491065306751882,0.8618600915626763,0.7071912958681839,0.9413773853008294,0.9746053079730063
2025-03-10,20:00:00,0.7620775421216297,0.1304924771238898,0.8618600915626763,0.7071912958681839,0.9413773853008294,0.9746053079730063
2025-03-10,22:00:00,0.706721280700998,1.7235627448801554,0.8618600915626763,0.7071912958681839,-0.5087870758998825,-0.49055042791552905
2025-03-10,00:00:00,0.6790431499906822,1.2456416645532644,0.8618600915626763,0.9857833356041745,0.5788362700006514,0.9746053079730063
2025-03-11,02:00:00,0.8727900649628979,0.4491065306751882,0.8618600915626763,0.7071912958681839,-1.2338693065002384,-1.2231282958597967
2025-03-11,04:00:00,0.5683306271494188,1.2456416645532644,0.8618600915626763,0.7071912958681839,1.3039185006010072,1.3408942419451402
2025-03-11,06:00:00,0.5406524964390981,-0.3474286032029446,0.8618600915626763,0.7071912958681839,1.3039185006010072,1.3408942419451402
2025-03-11,08:00:00,0.7897556728319505,-1.4625777906323192,0.8618600915626763,0.7071912958681839,1.6664596159011853,1.707183175917274
2025-03-11,10:00:00,0.7897556728319505,0.1304924771238898,0.8618600915626763,0.7071912958681839,-0.8713281912000604,-0.49055042791552905
2025-03-11,12:00:00,0.7343994114113138,-0.6660426567541864,0.8618600915626763,0.7071912958681839,-0.14624596059970457,-0.12426149394339522
2025-03-11,14:00:00,0.7343994114113138,-2.3387664378982485,0.8618600915626763,0.1500072163962024,-0.14624596059970457,-0.12426149394339522
2025-03-11,16:00:00,0.7343994114113138,1.2456416645532644,0.8618600915626763,0.42859925613219313,-0.5087870758998825,-0.49055042791552905
2025-03-11,18:00:00,0.6513650192803664,-0.3474286032029446,0.8618600915626763,0.1500072163962024,-0.8713281912000604,-0.49055042791552905
2025-03-11,20:00:00,0.7897556728319505,2.12183031181925,0.8618600915626763,0.1500072163962024,-0.8713281912000604,-0.8568393618876629
2025-03-11,22:00:00,0.7620775421216297,0.4491065306751882,0.8618600915626763,0.1500072163962024,-0.5087870758998825,-0.49055042791552905
2025-03-11,00:00:00,0.5960087578597347,-0.6660426567541864,0.8618600915626763,0.42859925613219313,-0.14624596059970457,-0.12426149394339522
2025-03-12,02:00:00,0.5960087578597347,-0.9846567103054282,0.12455985654006858,0.1500072163962024,0.9413773853008294,1.3408942419451402
2025-03-12,04:00:00,0.7897556728319505,0.1304924771238898,0.8618600915626763,0.7071912958681839,-0.8713281912000604,-0.8568393618876629
2025-03-12,06:00:00,0.706721280700998,-0.6660426567541864,0.8618600915626763,0.7071912958681839,0.9413773853008294,1.3408942419451402
2025-03-12,08:00:00,0.7620775421216297,0.9270276110020226,0.8618600915626763,0.7071912958681839,0.9413773853008294,0.9746053079730063
2025-03-12,10:00:00,0.6513650192803664,0.4491065306751882,0.8618600915626763,0.42859925613219313,-0.8713281912000604,-0.49055042791552905
2025-03-12,12:00:00,0.45761810430815064,1.2456416645532644,0.8618600915626763,0.42859925613219313,-0.14624596059970457,0.2420274400287386
2025-03-12,14:00:00,0.48529623501846647,0.1304924771238898,0.8618600915626763,0.42859925613219313,-0.14624596059970457,-0.12426149394339522
2025-03-12,16:00:00,0.3192274507565715,0.1304924771238898,0.8618600915626763,0.42859925613219313,-0.5087870758998825,-0.49055042791552905
2025-03-12,18:00:00,0.7343994114113138,0.1304924771238898,0.8618600915626763,0.42859925613219313,-0.5087870758998825,-0.49055042791552905
2025-03-12,20:00:00,0.6236868885700505,-0.3474286032029446,0.8618600915626763,0.42859925613219313,-0.8713281912000604,-0.49055042791552905
2025-03-12,22:00:00,0.6513650192803664,0.1304924771238898,0.8618600915626763,0.42859925613219313,0.5788362700006514,0.9746053079730063
2025-03-12,00:00:00,0.45761810430815064,0.1304924771238898,0.8618600915626763,0.42859925613219313,-1.2338693065002384,-1.2231282958597967
2025-03-13,02:00:00,0.5406524964390981,1.2456416645532644,0.12455985654006858,0.42859925613219313,0.9413773853008294,1.3408942419451402
2025-03-13,04:00:00,0.4299399735978348,2.12183031181925,0.12455985654006858,0.42859925613219313,-0.8713281912000604,-0.8568393618876629
2025-03-13,06:00:00,0.5406524964390981,-0.3474286032029446,0.12455985654006858,-0.9643609425477605,-0.5087870758998825,-0.49055042791552905
2025-03-13,08:00:00,0.706721280700998,1.7235627448801554,0.8618600915626763,0.42859925613219313,1.3039185006010072,1.3408942419451402
2025-03-13,10:00:00,0.45761810430815064,-0.6660426567541864,0.8618600915626763,0.42859925613219313,-0.5087870758998825,-1.2231282958597967
2025-03-13,12:00:00,0.6236868885700505,-0.3474286032029446,0.8618600915626763,0.42859925613219313,-0.5087870758998825,-0.49055042791552905
2025-03-13,14:00:00,0.2638711893359349,-0.6660426567541864,0.8618600915626763,0.42859925613219313,-0.14624596059970457,0.2420274400287386
2025-03-13,16:00:00,-0.012910117767228281,-0.3474286032029446,-0.612740378482539,0.1500072163962024,-0.8713281912000604,-0.49055042791552905
2025-03-13,18:00:00,0.04244614365340338,2.0421767984313974,0.8618600915626763,-0.12858482333978832,-0.5087870758998825,-0.49055042791552905
2025-03-13,20:00:00,0.18083679720498744,0.1304924771238898,0.12455985654006858,0.42859925613219313,-0.8713281912000604,-0.8568393618876629
2025-03-13,22:00:00,0.5960087578597347,-0.3474286032029446,0.8618600915626763,0.42859925613219313,-0.8713281912000604,-0.49055042791552905
2025-03-13,00:00:00,0.5960087578597347,-0.3474286032029446,0.8618600915626763,0.42859925613219313,1.3039185006010072,1.3408942419451402
2025-03-14,02:00:00,0.48529623501846647,1.2456416645532644,0.8618600915626763,0.42859925613219313,-0.8713281912000604,-0.49055042791552905
2025-03-14,04:00:00,0.2915493200462507,2.0421767984313974,0.8618600915626763,0.42859925613219313,1.3039185006010072,1.3408942419451402
2025-03-14,06:00:00,0.45761810430815064,-0.3474286032029446,0.8618600915626763,0.7071912958681839,-1.5964104218004165,-1.5894172298319305
2025-03-14,08:00:00,0.6236868885700505,-0.6660426567541864,1.5991603265852676,0.7071912958681839,-0.14624596059970457,-0.12426149394339522
2025-03-14,10:00:00,0.4299399735978348,-0.3474286032029446,0.8618600915626763,0.7071912958681839,-0.8713281912000604,-0.49055042791552905
2025-03-14,12:00:00,0.37458371217720315,0.4491065306751882,0.8618600915626763,0.42859925613219313,-0.14624596059970457,-0.12426149394339522
2025-03-14,14:00:00,0.2638711893359349,-0.3474286032029446,0.8618600915626763,0.1500072163962024,0.2162951547004734,0.2420274400287386
2025-03-14,16:00:00,0.18083679720498744,-0.3474286032029446,0.12455985654006858,0.1500072163962024,0.9413773853008294,0.9746053079730063
2025-03-14,18:00:00,0.3192274507565715,1.2456416645532644,1.5991603265852676,0.42859925613219313,0.9413773853008294,1.3408942419451402
2025-03-14,20:00:00,0.4299399735978348,1.2456416645532644,-0.612740378482539,0.7071912958681839,0.5788362700006514,0.6083163740008725
2025-03-14,22:00:00,0.7343994114113138,-0.9846567103054282,0.8618600915626763,0.7071912958681839,-0.14624596059970457,-0.12426149394339522
2025-03-14,00:00:00,0.5960087578597347,-0.3474286032029446,0.8618600915626763,0.7071912958681839,-0.14624596059970457,-0.12426149394339522
2025-03-15,02:00:00,0.5960087578597347,2.12183031181925,0.12455985654006858,0.9857833356041745,0.2162951547004734,0.6083163740008725
2025-03-15,04:00:00,1.0665369799351136,0.1304924771238898,0.12455985654006858,0.9857833356041745,-0.5087870758998825,-0.49055042791552905
2025-03-15,06:00:00,1.0942151106454294,1.7235627448801554,0.8618600915626763,0.9857833356041745,-1.2338693065002384,-1.5894172298319305
2025-03-15,08:00:00,0.9004681956732138,-0.6660426567541864,1.5991603265852676,0.7071912958681839,-0.8713281912000604,-0.8568393618876629
2025-03-15,10:00:00,0.7897556728319505,-0.6660426567541864,0.8618600915626763,0.7071912958681839,-0.5087870758998825,-0.8568393618876629
2025-03-15,12:00:00,0.7897556728319505,0.1304924771238898,0.8618600915626763,0.42859925613219313,-0.8713281912000604,-0.8568393618876629
2025-03-15,14:00:00,0.5129743657287823,-0.3474286032029446,0.12455985654006858,0.42859925613219313,1.3039185006010072,1.3408942419451402
2025-03-15,16:00:00,0.6236868885700505,-1.4625777906323192,0.8618600915626763,0.42859925613219313,1.3039185006010072,1.707183175917274
2025-03-15,18:00:00,0.6513650192803664,-0.6660426567541864,0.8618600915626763,0.7071912958681839,-0.5087870758998825,-0.12426149394339522
2025-03-15,20:00:00,0.7343994114113138,-0.6660426567541864,0.8618600915626763,0.7071912958681839,1.3039185006010072,1.3408942419451402
2025-03-15,22:00:00,0.48529623501846647,0.1304924771238898,0.12455985654006858,0.7071912958681839,0.9413773853008294,0.9746053079730063
2025-03-15,00:00:00,0.706721280700998,0.1304924771238898,0.8618600915626763,0.7071912958681839,-1.2338693065002384,-1.5894172298319305
2025-03-16,02:00:00,0.706721280700998,0.1304924771238898,0.8618600915626763,0.7071912958681839,-1.9589515371005943,-1.9557061638040645
2025-03-16,04:00:00,0.9558244570938454,0.1304924771238898,0.8618600915626763,0.9857833356041745,-2.321492652400772,-2.321995097776198
2025-03-16,06:00:00,0.9558244570938454,-0.6660426567541864,0.8618600915626763,0.9857833356041745,-2.321492652400772,-2.321995097776198
2025-03-16,08:00:00,0.4299399735978348,-2.259112924510452,0.8618600915626763,0.1500072163962024,-1.5964104218004165,-1.9557061638040645
2025-03-16,10:00:00,0.3192274507565715,-0.3474286032029446,0.12455985654006858,-0.12858482333978832,-0.8713281912000604,-1.2231282958597967
2025-03-16,12:00:00,0.04244614365340338,0.1304924771238898,0.12455985654006858,-0.12858482333978832,-0.5087870758998825,-1.2231282958597967
2025-03-16,14:00:00,-0.012910117767228281,0.4491065306751882,-0.612740378482539,-0.12858482333978832,-0.8713281912000604,-1.2231282958597967
2025-03-16,16:00:00,-0.06826637918785994,0.1304924771238898,0.12455985654006858,-0.40717686307577905,-0.8713281912000604,-1.2231282958597967
2025-03-16,18:00:00,-0.012910117767228281,-0.6660426567541864,0.12455985654006858,-0.40717686307577905,-0.8713281912000604,-1.2231282958597967
2025-03-16,20:00:00,-0.04058824847754411,1.7235627448801554,-0.612740378482539,-0.12858482333978832,-1.2338693065002384,-1.5894172298319305
2025-03-16,22:00:00,-0.06826637918785994,0.4491065306751882,-0.612740378482539,-0.12858482333978832,-1.5964104218004165,-1.9557061638040645
2025-03-16,00:00:00,0.014768012943087548,-1.4625777906323192,0.12455985654006858,-0.12858482333978832,-1.5964104218004165,-1.9557061638040645
2025-03-17,02:00:00,0.014768012943087548,-0.3474286032029446,0.12455985654006858,-0.12858482333978832,1.3039185006010072,1.3408942419451402
2025-03-17,04:00:00,0.07012427436371921,0.4491065306751882,0.8618600915626763,-0.12858482333978832,1.3039185006010072,1.707183175917274
2025-03-17,06:00:00,0.09780240507403995,-2.3387664378982485,0.12455985654006858,-0.12858482333978832,0.9413773853008294,0.9746053079730063
2025-03-17,08:00:00,0.4299399735978348,0.1304924771238898,0.12455985654006858,0.42859925613219313,0.5788362700006514,0.9746053079730063
2025-03-17,10:00:00,0.37458371217720315,0.4650372333527135,0.12455985654006858,0.1500072163962024,-0.8713281912000604,-0.49055042791552905
2025-03-17,12:00:00,0.402261842887519,-0.6660426567541864,0.12455985654006858,-0.40717686307577905,0.9413773853008294,0.9746053079730063
2025-03-17,14:00:00,0.3192274507565715,-0.3474286032029446,0.12455985654006858,-0.40717686307577905,-0.8713281912000604,-0.8568393618876629
2025-03-17,16:00:00,0.402261842887519,-1.4625777906323192,0.8618600915626763,-0.40717686307577905,0.9413773853008294,0.6083163740008725
2025-03-17,18:00:00,0.014768012943087548,0.4491065306751882,0.12455985654006858,-0.12858482333978832,1.3039185006010072,1.3408942419451402
2025-03-17,20:00:00,0.014768012943087548,0.1304924771238898,-0.612740378482539,-0.12858482333978832,0.5788362700006514,0.6083163740008725
2025-03-17,22:00:00,0.07012427436371921,0.4491065306751882,0.12455985654006858,0.1500072163962024,0.9413773853008294,0.9746053079730063
2025-03-17,00:00:00,-0.17897890202912817,-2.259112924510452,0.12455985654006858,0.1500072163962024,0.9413773853008294,1.3408942419451402
2025-03-18,02:00:00,0.48529623501846647,-0.3474286032029446,0.12455985654006858,0.42859925613219313,0.9413773853008294,0.9746053079730063
2025-03-18,04:00:00,-0.8709321697870387,-0.3474286032029446,1.5991603265852676,0.7071912958681839,1.3039185006010072,0.9746053079730063
2025-03-18,06:00:00,0.2361930586256191,-1.4625777906323192,0.8618600915626763,0.42859925613219313,-0.8713281912000604,-0.8568393618876629
2025-03-18,08:00:00,0.7343994114113138,-0.3474286032029446,0.8618600915626763,0.7071912958681839,0.2162951547004734,0.6083163740008725
2025-03-18,10:00:00,0.6236868885700505,-1.781191844183561,0.12455985654006858,0.7071912958681839,-0.8713281912000604,-0.8568393618876629
2025-03-18,12:00:00,0.18083679720498744,-0.3474286032029446,0.8618600915626763,0.1500072163962024,0.5788362700006514,0.6083163740008725
2025-03-18,14:00:00,-0.09594450989817577,-0.3474286032029446,0.8618600915626763,-0.12858482333978832,1.3039185006010072,1.3408942419451402
2025-03-18,16:00:00,0.04244614365340338,0.1304924771238898,0.12455985654006858,-0.12858482333978832,-0.5087870758998825,-0.12426149394339522
2025-03-18,18:00:00,-0.012910117767228281,-0.6660426567541864,0.12455985654006858,-0.40717686307577905,-1.2338693065002384,-1.2231282958597967
2025-03-18,20:00:00,0.014768012943087548,0.4491065306751882,-0.612740378482539,-0.12858482333978832,-0.5087870758998825,-0.8568393618876629
2025-03-18,22:00:00,0.07012427436371921,-0.9846567103054282,0.8618600915626763,0.1500072163962024,0.9413773853008294,0.9746053079730063
2025-03-18,00:00:00,0.48529623501846647,2.12183031181925,0.8618600915626763,0.42859925613219313,-1.5964104218004165,-1.9557061638040645
2025-03-19,02:00:00,-0.09594450989817577,0.9270276110020226,0.12455985654006858,0.42859925613219313,-2.6840337677009503,-2.688284031748332
2025-03-19,04:00:00,0.5960087578597347,0.1304924771238898,0.8618600915626763,0.7071912958681839,-2.6840337677009503,-2.688284031748332
2025-03-19,06:00:00,2.367409123319982,0.9270276110020226,0.12455985654006858,0.42859925613219313,-2.6840337677009503,-2.688284031748332
2025-03-19,08:00:00,0.48529623501846647,-0.9846567103054282,0.8618600915626763,0.7071912958681839,-2.321492652400772,-2.688284031748332
2025-03-19,10:00:00,0.45761810430815064,-0.3474286032029446,0.8618600915626763,0.7071912958681839,-1.2338693065002384,-1.5894172298319305
2025-03-19,12:00:00,0.4299399735978348,-0.6660426567541864,0.12455985654006858,3.2145196534921,-0.5087870758998825,-0.8568393618876629
2025-03-19,14:00:00,0.3469055814668873,-0.6660426567541864,0.12455985654006858,-0.12858482333978832,-0.14624596059970457,-0.8568393618876629
2025-03-19,16:00:00,0.2915493200462507,-0.3474286032029446,0.12455985654006858,-0.12858482333978832,-0.5087870758998825,-0.8568393618876629
2025-03-19,18:00:00,0.2638711893359349,-0.6660426567541864,-0.612740378482539,-0.12858482333978832,-1.2338693065002384,-1.5894172298319305
2025-03-19,20:00:00,0.07012427436371921,0.4491065306751882,1.5991603265852676,0.1500072163962024,-1.2338693065002384,-1.5894172298319305
2025-03-19,22:00:00,0.4299399735978348,-0.3474286032029446,0.12455985654006858,0.1500072163962024,-1.5964104218004165,-1.9557061638040645
2025-03-19,00:00:00,0.4299399735978348,-0.6660426567541864,0.12455985654006858,0.42859925613219313,-1.9589515371005943,-2.321995097776198
2025-03-20,02:00:00,0.3192274507565715,-0.3474286032029446,0.12455985654006858,0.42859925613219313,-1.9589515371005943,-2.321995097776198
2025-03-20,04:00:00,0.04244614365340338,0.1304924771238898,0.12455985654006858,0.1500072163962024,-1.9589515371005943,-2.321995097776198
2025-03-20,06:00:00,0.1531586664946716,-0.3474286032029446,0.12455985654006858,0.42859925613219313,-2.321492652400772,-2.321995097776198
2025-03-20,08:00:00,0.2638711893359349,0.1304924771238898,0.8618600915626763,0.1500072163962024,-1.5964104218004165,-1.9557061638040645
2025-03-20,10:00:00,0.1531586664946716,-0.3474286032029446,1.5991603265852676,0.1500072163962024,-1.2338693065002384,-1.2231282958597967
2025-03-20,12:00:00,-0.42808207842197554,-2.3387664378982485,0.12455985654006858,-0.40717686307577905,-0.14624596059970457,-0.49055042791552905
2025-03-20,14:00:00,0.3192274507565715,0.1304924771238898,0.8618600915626763,0.42859925613219313,-0.5087870758998825,-0.8568393618876629
2025-03-20,16:00:00,0.2915493200462507,-0.6660426567541864,-0.612740378482539,0.1500072163962024,-0.8713281912000604,-1.2231282958597967
2025-03-20,18:00:00,0.1531586664946716,-0.3474286032029446,0.12455985654006858,0.42859925613219313,-0.8713281912000604,-1.2231282958597967
2025-03-20,20:00:00,0.18083679720498744,-0.3474286032029446,0.12455985654006858,0.42859925613219313,-1.2338693065002384,-1.5894172298319305
2025-03-20,22:00:00,0.706721280700998,-0.6660426567541864,0.12455985654006858,0.7071912958681839,-1.5964104218004165,-1.9557061638040645
2025-03-20,00:00:00,0.48529623501846647,-0.6660426567541864,-1.3500406135051468,0.42859925613219313,-1.5964104218004165,-1.9557061638040645
2025-03-21,02:00:00,0.6236868885700505,-0.3474286032029446,0.12455985654006858,0.7071912958681839,-0.14624596059970457,-0.12426149394339522
2025-03-21,04:00:00,0.402261842887519,-0.3474286032029446,0.12455985654006858,0.42859925613219313,-0.5087870758998825,-0.12426149394339522
2025-03-21,06:00:00,0.37458371217720315,0.1304924771238898,0.12455985654006858,0.42859925613219313,1.3039185006010072,1.3408942419451402
2025-03-21,08:00:00,0.45761810430815064,0.1304924771238898,0.8618600915626763,0.42859925613219313,-0.14624596059970457,0.2420274400287386
2025-03-21,10:00:00,0.5960087578597347,-0.3474286032029446,1.5991603265852676,0.7071912958681839,-0.8713281912000604,-0.49055042791552905
2025-03-21,12:00:00,-0.012910117767228281,0.1304924771238898,0.12455985654006858,-0.12858482333978832,-0.5087870758998825,-0.12426149394339522
2025-03-21,14:00:00,-0.06826637918785994,0.1304924771238898,0.8618600915626763,0.1500072163962024,-0.5087870758998825,-0.12426149394339522
2025-03-21,16:00:00,-0.372725817001339,0.4491065306751882,-0.612740378482539,-0.12858482333978832,-0.5087870758998825,-0.49055042791552905
2025-03-21,18:00:00,-0.34504768629102317,-1.781191844183561,0.12455985654006858,-0.12858482333978832,-0.8713281912000604,-0.8568393618876629
2025-03-21,20:00:00,-0.06826637918785994,-0.6660426567541864,0.12455985654006858,-0.12858482333978832,-0.14624596059970457,-0.12426149394339522
2025-03-21,22:00:00,-0.1236226406084916,-0.6660426567541864,0.12455985654006858,-0.12858482333978832,1.6664596159011853,1.707183175917274
2025-03-21,00:00:00,-0.012910117767228281,0.1304924771238898,-1.3500406135051468,-0.12858482333978832,0.2162951547004734,0.6083163740008725
2025-03-22,02:00:00,-0.1236226406084916,-0.3474286032029446,0.8618600915626763,-0.40717686307577905,1.3039185006010072,1.3408942419451402
2025-03-22,04:00:00,-0.15130077131881234,0.1304924771238898,0.12455985654006858,-0.12858482333978832,-1.2338693065002384,-1.2231282958597967
2025-03-22,06:00:00,-0.23433516344975983,-1.4625777906323192,0.12455985654006858,-0.12858482333978832,-0.14624596059970457,-0.12426149394339522
2025-03-22,08:00:00,0.04244614365340338,0.1304924771238898,0.12455985654006858,0.1500072163962024,-0.8713281912000604,-0.49055042791552905
2025-03-22,10:00:00,0.07012427436371921,1.2456416645532644,-0.612740378482539,0.1500072163962024,-0.8713281912000604,-0.49055042791552905
2025-03-22,12:00:00,-0.012910117767228281,0.1304924771238898,0.12455985654006858,-0.12858482333978832,-0.8713281912000604,-0.49055042791552905
2025-03-22,14:00:00,-0.012910117767228281,0.9270276110020226,0.12455985654006858,-0.12858482333978832,-0.8713281912000604,-0.8568393618876629
2025-03-22,16:00:00,0.09780240507403995,-0.3474286032029446,0.12455985654006858,0.1500072163962024,-0.5087870758998825,-0.12426149394339522
2025-03-22,18:00:00,0.09780240507403995,1.2456416645532644,0.8618600915626763,0.1500072163962024,0.2162951547004734,0.2420274400287386
2025-03-22,20:00:00,0.2915493200462507,1.7235627448801554,0.12455985654006858,0.1500072163962024,-1.2338693065002384,-1.5894172298319305
2025-03-22,22:00:00,0.1531586664946716,0.1304924771238898,0.12455985654006858,0.1500072163962024,-0.8713281912000604,-1.2231282958597967
2025-03-22,00:00:00,0.402261842887519,-0.3474286032029446,0.12455985654006858,0.42859925613219313,1.3039185006010072,1.3408942419451402
2025-03-23,02:00:00,0.5406524964390981,0.4491065306751882,0.12455985654006858,0.42859925613219313,-1.2338693065002384,-1.5894172298319305
2025-03-23,04:00:00,0.45761810430815064,0.4491065306751882,0.12455985654006858,0.42859925613219313,0.9413773853008294,0.9746053079730063
2025-03-23,06:00:00,0.6236868885700505,0.4491065306751882,1.5991603265852676,0.7071912958681839,1.3039185006010072,1.3408942419451402
2025-03-23,08:00:00,0.45761810430815064,2.12183031181925,0.12455985654006858,0.42859925613219313,-1.2338693065002384,-1.2231282958597967
2025-03-23,10:00:00,0.3469055814668873,0.5287600440629845,0.8618600915626763,0.42859925613219313,0.9413773853008294,-0.12426149394339522
2025-03-23,12:00:00,0.3469055814668873,-1.4625777906323192,0.12455985654006858,-0.12858482333978832,-0.5087870758998825,-0.49055042791552905
2025-03-23,14:00:00,0.20851492791530327,-0.3474286032029446,0.8618600915626763,-0.40717686307577905,-0.8713281912000604,-0.49055042791552905
2025-03-23,16:00:00,0.2638711893359349,-0.6660426567541864,0.12455985654006858,-0.12858482333978832,-0.5087870758998825,-0.49055042791552905
2025-03-23,18:00:00,0.20851492791530327,0.1304924771238898,0.12455985654006858,-0.12858482333978832,-0.8713281912000604,-0.8568393618876629
2025-03-23,20:00:00,0.12548053578435578,0.1304924771238898,-0.612740378482539,-0.12858482333978832,0.9413773853008294,0.9746053079730063
2025-03-23,22:00:00,0.04244614365340338,2.12183031181925,0.12455985654006858,0.1500072163962024,-0.8713281912000604,-0.8568393618876629
2025-03-23,00:00:00,0.18083679720498744,-1.0961716290483883,-0.612740378482539,2.9359276137561094,-1.2338693065002384,-1.2231282958597967
2025-03-24,02:00:00,0.3469055814668873,1.2456416645532644,0.8618600915626763,0.7071912958681839,0.5788362700006514,0.6083163740008725
2025-03-24,04:00:00,0.6790431499906822,0.4491065306751882,0.8618600915626763,0.42859925613219313,0.2162951547004734,0.2420274400287386
2025-03-24,06:00:00,0.3192274507565715,-0.9846567103054282,0.8618600915626763,0.7071912958681839,1.3039185006010072,0.9746053079730063
2025-03-24,08:00:00,0.8451119342525821,-0.9846567103054282,0.8618600915626763,0.9857833356041745,1.6664596159011853,1.707183175917274
2025-03-24,10:00:00,0.8174338035422662,0.4491065306751882,1.5991603265852676,0.7071912958681839,0.2162951547004734,0.2420274400287386
2025-03-24,12:00:00,0.2361930586256191,2.0421767984313974,1.5991603265852676,-0.12858482333978832,-0.8713281912000604,-0.49055042791552905
2025-03-24,14:00:00,0.20851492791530327,-0.3474286032029446,0.12455985654006858,0.1500072163962024,-0.8713281912000604,-0.49055042791552905
2025-03-24,16:00:00,0.2915493200462507,-0.3474286032029446,-0.612740378482539,-0.12858482333978832,-0.5087870758998825,-0.49055042791552905
2025-03-24,18:00:00,0.5960087578597347,-0.9846567103054282,0.8618600915626763,0.7071912958681839,-1.2338693065002384,-1.2231282958597967
2025-03-24,20:00:00,0.5683306271494188,-0.9846567103054282,0.8618600915626763,0.7071912958681839,0.9413773853008294,0.9746053079730063
2025-03-24,22:00:00,0.5960087578597347,0.1304924771238898,0.8618600915626763,0.7071912958681839,-0.8713281912000604,-0.8568393618876629
2025-03-24,00:00:00,0.5129743657287823,0.9270276110020226,0.8618600915626763,0.7071912958681839,-0.8713281912000604,-0.8568393618876629
2025-03-25,02:00:00,0.7897556728319505,-2.3387664378982485,0.8618600915626763,0.7071912958681839,-1.2338693065002384,-1.2231282958597967
2025-03-25,04:00:00,0.8451119342525821,-2.3387664378982485,0.8618600915626763,0.7071912958681839,1.6664596159011853,1.707183175917274
2025-03-25,06:00:00,0.7620775421216297,-2.3387664378982485,0.8618600915626763,0.7071912958681839,0.5788362700006514,0.6083163740008725
2025-03-25,08:00:00,0.8451119342525821,-2.3387664378982485,0.8618600915626763,0.9857833356041745,0.5788362700006514,0.6083163740008725
2025-03-25,10:00:00,0.7620775421216297,-2.3387664378982485,0.8618600915626763,0.42859925613219313,-0.8713281912000604,-0.8568393618876629
2025-03-25,12:00:00,0.7620775421216297,-2.3387664378982485,0.8618600915626763,0.42859925613219313,-0.8713281912000604,-0.8568393618876629
2025-03-25,14:00:00,0.7343994114113138,-2.3387664378982485,0.8618600915626763,0.42859925613219313,-0.14624596059970457,-0.12426149394339522
2025-03-25,16:00:00,0.5406524964390981,-2.3387664378982485,0.8618600915626763,0.42859925613219313,-0.8713281912000604,-0.8568393618876629
2025-03-25,18:00:00,0.5406524964390981,-2.3387664378982485,0.8618600915626763,0.42859925613219313,-0.8713281912000604,-0.8568393618876629
2025-03-25,20:00:00,0.48529623501846647,-2.3387664378982485,0.8618600915626763,0.42859925613219313,0.5788362700006514,0.6083163740008725
2025-03-25,22:00:00,0.48529623501846647,-2.3387664378982485,0.8618600915626763,0.1500072163962024,-0.5087870758998825,-0.49055042791552905
2025-03-25,00:00:00,0.45761810430815064,2.12183031181925,0.8618600915626763,0.42859925613219313,-1.2338693065002384,-1.2231282958597967
2025-03-26,02:00:00,0.3469055814668873,-0.3474286032029446,0.8618600915626763,0.7071912958681839,-1.2338693065002384,-1.2231282958597967
2025-03-26,04:00:00,0.37458371217720315,-0.6660426567541864,0.8618600915626763,0.7071912958681839,-1.2338693065002384,-1.2231282958597967
2025-03-26,06:00:00,0.37458371217720315,0.1304924771238898,0.8618600915626763,0.7071912958681839,0.9413773853008294,0.9746053079730063
2025-03-26,08:00:00,0.8727900649628979,-0.3474286032029446,0.8618600915626763,0.7071912958681839,0.9413773853008294,0.9746053079730063
2025-03-26,10:00:00,0.7897556728319505,-0.3474286032029446,-0.612740378482539,0.7071912958681839,-0.8713281912000604,-0.8568393618876629
2025-03-26,12:00:00,0.7897556728319505,0.1304924771238898,0.8618600915626763,0.7071912958681839,-0.8713281912000604,-0.8568393618876629
2025-03-26,14:00:00,0.45761810430815064,0.1304924771238898,0.8618600915626763,0.42859925613219313,-0.8713281912000604,-0.49055042791552905
2025-03-26,16:00:00,0.20851492791530327,1.2456416645532644,-0.612740378482539,0.1500072163962024,-0.8713281912000604,-0.49055042791552905
2025-03-26,18:00:00,0.09780240507403995,-0.6660426567541864,0.8618600915626763,0.1500072163962024,-0.8713281912000604,-0.49055042791552905
2025-03-26,20:00:00,0.18083679720498744,-0.9846567103054282,0.8618600915626763,0.7071912958681839,0.5788362700006514,0.6083163740008725
2025-03-26,22:00:00,0.2915493200462507,0.4491065306751882,0.8618600915626763,0.7071912958681839,-0.5087870758998825,-0.49055042791552905
2025-03-26,00:00:00,0.5129743657287823,0.1304924771238898,0.8618600915626763,0.7071912958681839,-1.2338693065002384,-1.2231282958597967
2025-03-27,02:00:00,0.5960087578597347,0.1304924771238898,0.12455985654006858,0.7071912958681839,-0.14624596059970457,-0.12426149394339522
2025-03-27,04:00:00,0.5129743657287823,0.1304924771238898,0.12455985654006858,0.7071912958681839,-0.14624596059970457,-0.12426149394339522
2025-03-27,06:00:00,0.5960087578597347,0.1304924771238898,0.12455985654006858,0.7071912958681839,-0.14624596059970457,-0.49055042791552905
2025-03-27,08:00:00,0.5683306271494188,-0.3474286032029446,0.8618600915626763,0.7071912958681839,1.3039185006010072,1.3408942419451402
2025-03-27,10:00:00,0.2915493200462507,0.4491065306751882,0.12455985654006858,0.42859925613219313,-0.8713281912000604,-0.8568393618876629
2025-03-27,12:00:00,-0.23433516344975983,-0.9846567103054282,0.12455985654006858,-0.40717686307577905,-0.5087870758998825,-0.49055042791552905
2025-03-27,14:00:00,-0.06826637918785994,-0.5067356299785938,0.12455985654006858,-0.12858482333978832,0.5788362700006514,0.6083163740008725
2025-03-27,16:00:00,-0.206657032739444,-0.9846567103054282,0.12455985654006858,-0.40717686307577905,-0.14624596059970457,-0.12426149394339522
2025-03-27,18:00:00,-0.1236226406084916,0.4491065306751882,0.12455985654006858,-0.12858482333978832,0.5788362700006514,0.6083163740008725
2025-03-27,20:00:00,-0.1236226406084916,0.4491065306751882,0.12455985654006858,-0.12858482333978832,0.5788362700006514,0.6083163740008725
2025-03-27,22:00:00,-0.206657032739444,-0.9846567103054282,0.12455985654006858,-0.40717686307577905,-0.14624596059970457,-0.12426149394339522
2025-03-27,00:00:00,0.5960087578597347,0.1304924771238898,0.12455985654006858,0.7071912958681839,-0.14624596059970457,-0.49055042791552905
2025-03-28,02:00:00,0.3192274507565715,-0.6660426567541864,0.8618600915626763,-0.12858482333978832,-0.5087870758998825,-0.49055042791552905
2025-03-28,04:00:00,0.3192274507565715,0.4491065306751882,0.12455985654006858,0.42859925613219313,1.6664596159011853,1.707183175917274
2025-03-28,06:00:00,0.2915493200462507,-0.9846567103054282,0.12455985654006858,0.1500072163962024,-0.8713281912000604,-0.8568393618876629
2025-03-28,08:00:00,0.2361930586256191,-0.6660426567541864,-0.612740378482539,0.1500072163962024,0.2162951547004734,0.2420274400287386
2025-03-28,10:00:00,-0.012910117767228281,1.2456416645532644,0.12455985654006858,-0.12858482333978832,0.9413773853008294,0.9746053079730063
2025-03-28,12:00:00,0.014768012943087548,0.4491065306751882,0.12455985654006858,-0.12858482333978832,0.9413773853008294,0.9746053079730063
2025-03-28,14:00:00,-0.1236226406084916,0.1304924771238898,0.12455985654006858,-0.40717686307577905,-0.8713281912000604,-0.49055042791552905
2025-03-28,16:00:00,-0.04058824847754411,0.4491065306751882,0.8618600915626763,-0.12858482333978832,-0.8713281912000604,-0.49055042791552905
2025-03-28,18:00:00,-0.04058824847754411,2.0421767984313974,-0.612740378482539,-0.12858482333978832,0.2162951547004734,-0.12426149394339522
2025-03-28,20:00:00,-0.1236226406084916,-0.3474286032029446,-0.612740378482539,-0.12858482333978832,1.6664596159011853,1.707183175917274
2025-03-28,22:00:00,-0.012910117767228281,0.4491065306751882,0.8618600915626763,0.1500072163962024,-1.2338693065002384,-1.5894172298319305
2025-03-28,00:00:00,0.18083679720498744,0.4491065306751882,0.12455985654006858,-0.12858482333978832,0.9413773853008294,0.9746053079730063
2025-03-29,02:00:00,0.12548053578435578,0.1304924771238898,0.12455985654006858,-0.12858482333978832,-0.5087870758998825,-0.49055042791552905
2025-03-29,04:00:00,0.1531586664946716,-0.6660426567541864,0.12455985654006858,0.1500072163962024,1.6664596159011853,1.707183175917274
2025-03-29,06:00:00,0.3469055814668873,-0.3474286032029446,0.12455985654006858,0.1500072163962024,1.3039185006010072,1.707183175917274
2025-03-29,08:00:00,0.4299399735978348,-0.6660426567541864,0.12455985654006858,0.42859925613219313,0.5788362700006514,0.2420274400287386
2025-03-29,10:00:00,0.2638711893359349,0.1304924771238898,0.12455985654006858,-0.12858482333978832,-0.8713281912000604,-0.49055042791552905
2025-03-29,12:00:00,0.1531586664946716,-0.3474286032029446,0.12455985654006858,0.1500072163962024,1.6664596159011853,1.707183175917274
2025-03-29,14:00:00,0.07012427436371921,0.1304924771238898,0.12455985654006858,-0.40717686307577905,-0.8713281912000604,-0.8568393618876629
2025-03-29,16:00:00,-0.23433516344975983,0.1304924771238898,0.12455985654006858,-0.40717686307577905,-0.8713281912000604,-0.8568393618876629
2025-03-29,18:00:00,0.014768012943087548,0.1304924771238898,0.8618600915626763,-0.40717686307577905,-0.5087870758998825,0.2420274400287386
2025-03-29,20:00:00,-0.1236226406084916,-0.3474286032029446,-0.612740378482539,-0.40717686307577905,-1.2338693065002384,-1.2231282958597967
2025-03-29,22:00:00,-0.09594450989817577,0.9270276110020226,-0.612740378482539,-0.12858482333978832,-0.14624596059970457,-0.12426149394339522
2025-03-29,00:00:00,-0.04058824847754411,-0.9846567103054282,0.12455985654006858,-0.12858482333978832,-0.14624596059970457,0.2420274400287386
2025-03-30,02:00:00,-0.1236226406084916,2.12183031181925,-0.612740378482539,-0.12858482333978832,0.5788362700006514,0.6083163740008725
2025-03-30,04:00:00,0.014768012943087548,-0.6660426567541864,0.8618600915626763,-0.12858482333978832,1.3039185006010072,1.3408942419451402
2025-03-30,06:00:00,0.1531586664946716,-1.4625777906323192,0.12455985654006858,0.1500072163962024,-0.5087870758998825,-0.49055042791552905
2025-03-30,08:00:00,-0.15130077131881234,-1.9404988709592101,0.12455985654006858,0.1500072163962024,1.3039185006010072,1.3408942419451402
2025-03-30,10:00:00,0.09780240507403995,0.1304924771238898,0.12455985654006858,0.1500072163962024,-0.14624596059970457,0.2420274400287386
2025-03-30,12:00:00,-0.2620132941600757,1.2456416645532644,0.8618600915626763,0.1500072163962024,-0.5087870758998825,-0.49055042791552905
2025-03-30,14:00:00,-0.7048633855251387,-1.4625777906323192,0.12455985654006858,-0.9643609425477605,-0.14624596059970457,-0.12426149394339522
2025-03-30,16:00:00,-0.8986103004973545,0.4491065306751882,-1.3500406135051468,-0.9643609425477605,3.116624077101897,0.2420274400287386
2025-03-30,18:00:00,-0.815575908366402,0.1304924771238898,0.12455985654006858,-0.9643609425477605,-0.8713281912000604,-0.49055042791552905
2025-03-30,20:00:00,-0.8986103004973545,0.1304924771238898,-0.612740378482539,-0.9643609425477605,0.2162951547004734,0.2420274400287386
2025-03-30,22:00:00,-0.6218289933941913,-0.3474286032029446,0.12455985654006858,-0.9643609425477605,-0.5087870758998825,-0.12426149394339522
2025-03-30,00:00:00,-0.7325415162354546,0.9270276110020226,0.12455985654006858,-1.2429529822837513,-0.5087870758998825,-0.8568393618876629
2025-03-31,02:00:00,-0.5387946012632389,0.1304924771238898,-0.612740378482539,-0.9643609425477605,0.2162951547004734,0.2420274400287386
2025-03-31,04:00:00,-0.5387946012632389,0.1304924771238898,-1.3500406135051468,-0.9643609425477605,1.3039185006010072,1.3408942419451402
2025-03-31,06:00:00,-0.5111164705529231,0.1304924771238898,-0.612740378482539,-0.6857689028117697,1.3039185006010072,0.9746053079730063
2025-03-31,08:00:00,-0.8432540390767228,-0.9846567103054282,-0.612740378482539,-0.6857689028117697,0.5788362700006514,0.9746053079730063
2025-03-31,10:00:00,-0.981644692628302,-0.3474286032029446,0.12455985654006858,-0.6857689028117697,0.9413773853008294,0.9746053079730063
2025-03-31,12:00:00,-1.0093228233386178,-1.4625777906323192,-1.3500406135051468,-0.9643609425477605,0.2162951547004734,0.2420274400287386
2025-03-31,14:00:00,-1.0093228233386178,0.4491065306751882,-0.612740378482539,-0.9643609425477605,0.2162951547004734,0.2420274400287386
2025-03-31,16:00:00,-1.258425999731465,-0.6660426567541864,-1.3500406135051468,-1.521545022019742,-0.14624596059970457,-0.12426149394339522
2025-03-31,18:00:00,-1.5352073068346332,-1.4625777906323192,-1.3500406135051468,-2.0787291014917235,0.2162951547004734,0.2420274400287386
2025-03-31,20:00:00,-1.3414603918624175,2.12183031181925,-1.3500406135051468,-1.8001370617557326,1.3039185006010072,1.3408942419451402
2025-03-31,22:00:00,-1.3414603918624175,0.9270276110020226,-1.3500406135051468,-1.521545022019742,1.3039185006010072,1.707183175917274
2025-03-31,00:00:00,-1.0093228233386178,0.1304924771238898,-0.612740378482539,-1.2429529822837513,1.6664596159011853,1.707183175917274
2025-04-01,02:00:00,-1.0093228233386178,2.0421767984313974,-0.612740378482539,-1.2429529822837513,-0.8713281912000604,-0.8568393618876629
2025-04-01,04:00:00,-0.677185254814823,0.4491065306751882,-0.612740378482539,-0.9643609425477605,-1.2338693065002384,-1.2231282958597967
2025-04-01,06:00:00,-0.8432540390767228,0.1304924771238898,-1.3500406135051468,-1.521545022019742,0.2162951547004734,0.2420274400287386
2025-04-01,08:00:00,-1.0923572154695702,0.4491065306751882,-0.612740378482539,-1.2429529822837513,1.3039185006010072,0.9746053079730063
2025-04-01,10:00:00,-1.0646790847592495,0.4491065306751882,0.12455985654006858,-1.2429529822837513,0.2162951547004734,-0.12426149394339522
2025-04-01,12:00:00,-1.0646790847592495,0.1304924771238898,-1.3500406135051468,-1.521545022019742,0.2162951547004734,0.2420274400287386
2025-04-01,14:00:00,-1.0923572154695702,0.9270276110020226,-1.3500406135051468,-1.521545022019742,0.9413773853008294,0.9746053079730063
2025-04-01,16:00:00,-1.0923572154695702,0.1304924771238898,-1.3500406135051468,-1.521545022019742,-0.8713281912000604,-1.2231282958597967
2025-04-01,18:00:00,-1.0646790847592495,-1.781191844183561,-1.3500406135051468,-1.521545022019742,-0.8713281912000604,-0.8568393618876629
2025-04-01,20:00:00,-1.0646790847592495,0.4491065306751882,-1.3500406135051468,-1.2429529822837513,-1.2338693065002384,-1.2231282958597967
2025-04-01,22:00:00,-1.0093228233386178,-0.9846567103054282,-2.0873408485277545,-1.521545022019742,0.2162951547004734,-0.12426149394339522
2025-04-01,00:00:00,-1.0370009540489336,-0.188121576427352,-1.3500406135051468,-1.521545022019742,0.5788362700006514,0.2420274400287386
2025-04-02,02:00:00,-0.9262884312076703,0.1304924771238898,-0.612740378482539,-1.2429529822837513,-0.5087870758998825,-0.49055042791552905
2025-04-02,04:00:00,-0.7878977776560863,0.4491065306751882,-0.612740378482539,-1.2429529822837513,0.2162951547004734,0.2420274400287386
2025-04-02,06:00:00,-0.7325415162354546,0.9270276110020226,-0.612740378482539,-0.9643609425477605,-1.2338693065002384,-1.2231282958597967
2025-04-02,08:00:00,-0.815575908366402,0.4491065306751882,-1.3500406135051468,-0.9643609425477605,-0.8713281912000604,-0.8568393618876629
2025-04-02,10:00:00,-1.0093228233386178,-0.6660426567541864,-0.612740378482539,-0.9643609425477605,0.2162951547004734,0.2420274400287386
2025-04-02,12:00:00,-0.981644692628302,-0.3474286032029446,-0.612740378482539,-1.2429529822837513,-0.5087870758998825,-0.49055042791552905
2025-04-02,14:00:00,-1.0646790847592495,0.9270276110020226,-1.3500406135051468,-1.2429529822837513,-0.5087870758998825,-0.49055042791552905
2025-04-02,16:00:00,-1.0646790847592495,0.9270276110020226,-0.612740378482539,-1.2429529822837513,0.9413773853008294,0.9746053079730063
2025-04-02,18:00:00,-1.0646790847592495,2.12183031181925,-0.612740378482539,-1.2429529822837513,0.2162951547004734,0.2420274400287386
2025-04-02,20:00:00,-0.815575908366402,0.1304924771238898,-0.612740378482539,-0.9643609425477605,1.3039185006010072,1.3408942419451402
2025-04-02,22:00:00,-0.7878977776560863,-0.6660426567541864,-0.612740378482539,-1.2429529822837513,-0.5087870758998825,-0.49055042791552905
2025-04-02,00:00:00,-0.4004039477116597,0.1304924771238898,-0.612740378482539,-0.40717686307577905,1.3039185006010072,0.9746053079730063
2025-04-03,02:00:00,-0.42808207842197554,0.4491065306751882,-0.612740378482539,-0.12858482333978832,1.3039185006010072,1.3408942419451402
2025-04-03,04:00:00,-0.34504768629102317,-1.781191844183561,0.8618600915626763,-0.12858482333978832,1.3039185006010072,1.707183175917274
2025-04-03,06:00:00,-0.4004039477116597,0.1304924771238898,-0.612740378482539,-0.12858482333978832,1.3039185006010072,1.3408942419451402
2025-04-03,08:00:00,-0.45576020913229137,0.1304924771238898,-0.612740378482539,-0.6857689028117697,0.9413773853008294,0.9746053079730063
2025-04-03,10:00:00,-0.7048633855251387,0.4491065306751882,0.12455985654006858,-0.6857689028117697,0.5788362700006514,0.9746053079730063
2025-04-03,12:00:00,-0.7602196469457704,-0.188121576427352,-0.612740378482539,-0.6857689028117697,0.9413773853008294,0.9746053079730063
2025-04-03,14:00:00,-0.815575908366402,1.7235627448801554,-0.612740378482539,-1.2429529822837513,-0.5087870758998825,-0.49055042791552905
2025-04-03,16:00:00,-0.8986103004973545,-1.4625777906323192,-0.612740378482539,-1.521545022019742,-0.8713281912000604,-0.49055042791552905
2025-04-03,18:00:00,-0.8986103004973545,0.4491065306751882,-0.612740378482539,-1.521545022019742,-1.2338693065002384,-1.2231282958597967
2025-04-03,20:00:00,-0.7878977776560863,0.9270276110020226,-0.612740378482539,-1.521545022019742,-0.5087870758998825,-0.8568393618876629
2025-04-03,22:00:00,-0.8986103004973545,0.4491065306751882,-0.612740378482539,-1.521545022019742,-0.5087870758998825,-0.8568393618876629
2025-04-03,00:00:00,-0.5111164705529231,1.2456416645532644,-0.612740378482539,-1.2429529822837513,0.5788362700006514,0.6083163740008725
2025-04-04,02:00:00,-0.6218289933941913,0.1304924771238898,-0.612740378482539,-0.9643609425477605,0.5788362700006514,0.9746053079730063
2025-04-04,04:00:00,-0.5941508626838705,-0.3474286032029446,-0.612740378482539,-0.9643609425477605,-0.14624596059970457,-0.12426149394339522
2025-04-04,06:00:00,-0.6495071241045071,-0.3474286032029446,0.12455985654006858,-0.6857689028117697,-0.5087870758998825,-0.49055042791552905
2025-04-04,08:00:00,-0.34504768629102317,-0.3474286032029446,0.12455985654006858,-0.40717686307577905,-0.5087870758998825,-0.8568393618876629
2025-04-04,10:00:00,-0.5111164705529231,-0.6660426567541864,0.12455985654006858,-0.9643609425477605,0.5788362700006514,0.6083163740008725
2025-04-04,12:00:00,-0.5387946012632389,0.1304924771238898,-0.612740378482539,-1.2429529822837513,-0.5087870758998825,-0.49055042791552905
2025-04-04,14:00:00,-0.5664727319735547,0.1304924771238898,-0.612740378482539,-1.2429529822837513,1.6664596159011853,1.707183175917274
2025-04-04,16:00:00,-0.5111164705529231,-1.781191844183561,-0.612740378482539,-1.2429529822837513,0.2162951547004734,0.2420274400287386
2025-04-04,18:00:00,-0.5111164705529231,0.4491065306751882,-0.612740378482539,-0.9643609425477605,-0.14624596059970457,-0.12426149394339522
2025-04-04,20:00:00,-0.5111164705529231,0.1304924771238898,0.12455985654006858,-0.9643609425477605,0.5788362700006514,0.2420274400287386
2025-04-04,22:00:00,-0.6218289933941913,0.9270276110020226,0.12455985654006858,-0.6857689028117697,1.3039185006010072,1.3408942419451402
2025-04-04,00:00:00,-0.5941508626838705,0.1304924771238898,0.12455985654006858,-0.40717686307577905,0.9413773853008294,0.9746053079730063
2025-04-05,02:00:00,-0.5387946012632389,-0.9846567103054282,-0.612740378482539,-0.40717686307577905,-0.14624596059970457,-0.49055042791552905
2025-04-05,04:00:00,-0.5387946012632389,-0.3474286032029446,0.12455985654006858,-0.40717686307577905,0.5788362700006514,0.6083163740008725
2025-04-05,06:00:00,-0.5387946012632389,1.7235627448801554,0.12455985654006858,-0.40717686307577905,1.3039185006010072,0.9746053079730063
2025-04-05,08:00:00,-0.815575908366402,0.4491065306751882,-1.3500406135051468,-0.9643609425477605,-0.8713281912000604,-0.8568393618876629
2025-04-05,10:00:00,-1.0093228233386178,-0.6660426567541864,-0.612740378482539,-0.9643609425477605,0.2162951547004734,0.2420274400287386
2025-04-05,12:00:00,-0.981644692628302,-0.3474286032029446,-0.612740378482539,-1.2429529822837513,-0.5087870758998825,-0.49055042791552905
2025-04-05,14:00:00,-1.0646790847592495,0.9270276110020226,-1.3500406135051468,-1.2429529822837513,-0.5087870758998825,-0.49055042791552905
2025-04-05,16:00:00,-1.0646790847592495,0.9270276110020226,-0.612740378482539,-1.2429529822837513,0.9413773853008294,0.9746053079730063
2025-04-05,18:00:00,-1.0646790847592495,2.12183031181925,-0.612740378482539,-1.2429529822837513,0.2162951547004734,0.2420274400287386
2025-04-05,20:00:00,-1.0923572154695702,0.4491065306751882,-0.612740378482539,-0.9643609425477605,0.9413773853008294,0.9746053079730063
2025-04-05,22:00:00,-0.8432540390767228,0.1304924771238898,-0.612740378482539,-0.9643609425477605,0.9413773853008294,0.9746053079730063
2025-04-05,00:00:00,-0.7878977776560863,1.2456416645532644,-0.612740378482539,-1.2429529822837513,0.5788362700006514,0.6083163740008725
2025-04-06,02:00:00,-0.6495071241045071,1.2456416645532644,-0.612740378482539,-0.9643609425477605,0.5788362700006514,0.6083163740008725
2025-04-06,04:00:00,-0.9539665619179861,0.4491065306751882,-0.612740378482539,-0.9643609425477605,-0.8713281912000604,-0.8568393618876629
2025-04-06,06:00:00,-0.6495071241045071,0.4491065306751882,-0.612740378482539,-0.9643609425477605,1.3039185006010072,0.9746053079730063
2025-04-06,08:00:00,-1.6182416989655808,0.4491065306751882,-1.3500406135051468,-0.9643609425477605,-1.2338693065002384,-1.2231282958597967
2025-04-06,10:00:00,-1.3691385225727335,0.1304924771238898,-0.612740378482539,-0.9643609425477605,0.5788362700006514,0.2420274400287386
2025-04-06,12:00:00,-1.6735979603862123,0.4491065306751882,-1.3500406135051468,-0.9643609425477605,-0.5087870758998825,-0.49055042791552905
2025-04-06,14:00:00,-1.8119886139377965,0.4491065306751882,-0.612740378482539,-1.521545022019742,0.2162951547004734,0.6083163740008725
2025-04-06,16:00:00,-1.3414603918624175,-0.3474286032029446,-1.3500406135051468,-1.2429529822837513,-0.8713281912000604,-0.49055042791552905
2025-04-06,18:00:00,-1.258425999731465,0.4491065306751882,-1.3500406135051468,-0.9643609425477605,-0.8713281912000604,-0.8568393618876629
2025-04-06,20:00:00,-1.286104130441781,-0.6660426567541864,-2.0873408485277545,-0.9643609425477605,-0.8713281912000604,-0.8568393618876629
2025-04-06,22:00:00,-0.42808207842197554,-0.3474286032029446,-0.612740378482539,-0.12858482333978832,0.9413773853008294,0.9746053079730063
2025-04-06,00:00:00,-0.23433516344975983,0.4491065306751882,-0.612740378482539,0.1500072163962024,-0.14624596059970457,-0.49055042791552905
2025-04-07,02:00:00,-0.23433516344975983,1.2456416645532644,-0.612740378482539,-0.9643609425477605,0.5788362700006514,0.6083163740008725
2025-04-07,04:00:00,-0.6495071241045071,1.2456416645532644,-0.612740378482539,-0.6857689028117697,0.9413773853008294,0.9746053079730063
2025-04-07,06:00:00,-0.5941508626838705,0.4491065306751882,-1.3500406135051468,-0.6857689028117697,0.9413773853008294,0.9746053079730063
2025-04-07,08:00:00,-0.8986103004973545,1.7235627448801554,-1.3500406135051468,-0.40717686307577905,0.2162951547004734,0.2420274400287386
2025-04-07,10:00:00,-0.5664727319735547,-0.9846567103054282,-1.3500406135051468,-0.12858482333978832,-0.14624596059970457,-0.12426149394339522
2025-04-07,12:00:00,-0.677185254814823,0.4491065306751882,-1.3500406135051468,-0.6857689028117697,1.3039185006010072,0.9746053079730063
2025-04-07,14:00:00,-0.7325415162354546,1.7235627448801554,-2.0873408485277545,-0.6857689028117697,-0.14624596059970457,-0.12426149394339522
2025-04-07,16:00:00,-1.0646790847592495,0.9270276110020226,-0.612740378482539,-0.9643609425477605,1.3039185006010072,1.3408942419451402
2025-04-07,18:00:00,-0.8709321697870387,2.12183031181925,-1.3500406135051468,-0.6857689028117697,1.3039185006010072,1.3408942419451402
2025-04-07,20:00:00,-1.0646790847592495,0.1304924771238898,-0.612740378482539,-0.40717686307577905,-0.14624596059970457,0.2420274400287386
2025-04-07,22:00:00,-1.0646790847592495,0.1304924771238898,-0.612740378482539,-0.6857689028117697,0.9413773853008294,0.9746053079730063
2025-04-07,00:00:00,-1.0646790847592495,0.1304924771238898,-0.612740378482539,-0.6857689028117697,0.9413773853008294,0.9746053079730063
2025-04-08,02:00:00,-0.23433516344975983,1.2456416645532644,-0.612740378482539,-0.9643609425477605,0.5788362700006514,0.6083163740008725
2025-04-08,04:00:00,-1.0646790847592495,0.1304924771238898,-1.3500406135051468,-0.6857689028117697,0.9413773853008294,0.9746053079730063
2025-04-08,06:00:00,-1.0093228233386178,-1.4625777906323192,-2.0873408485277545,-0.6857689028117697,0.5788362700006514,0.9746053079730063
2025-04-08,08:00:00,-0.9262884312076703,1.7235627448801554,-0.612740378482539,-0.40717686307577905,0.2162951547004734,0.2420274400287386
2025-04-08,10:00:00,-0.9539665619179861,-1.4625777906323192,-1.3500406135051468,-0.40717686307577905,-0.8713281912000604,-0.8568393618876629
2025-04-08,12:00:00,-1.0093228233386178,-0.3474286032029446,0.12455985654006858,-0.12858482333978832,-0.5087870758998825,-0.12426149394339522
2025-04-08,14:00:00,-1.0646790847592495,0.4491065306751882,-0.612740378482539,-0.40717686307577905,-0.5087870758998825,-0.49055042791552905
2025-04-08,16:00:00,-1.3691385225727335,0.4491065306751882,-1.3500406135051468,-0.9643609425477605,-0.5087870758998825,-0.49055042791552905
2025-04-08,18:00:00,-1.120035346179886,1.7235627448801554,-0.612740378482539,-0.9643609425477605,1.3039185006010072,1.3408942419451402
2025-04-08,20:00:00,-1.3414603918624175,0.4491065306751882,-1.3500406135051468,-0.6857689028117697,0.9413773853008294,0.9746053079730063
2025-04-08,22:00:00,-1.3414603918624175,1.2456416645532644,-0.612740378482539,-0.6857689028117697,-0.5087870758998825,-0.49055042791552905
2025-04-08,00:00:00,-1.3414603918624175,1.2456416645532644,-0.612740378482539,-0.6857689028117697,-0.5087870758998825,-0.49055042791552905
2025-04-09,02:00:00,-0.23433516344975983,1.2456416645532644,-0.612740378482539,-0.9643609425477605,0.5788362700006514,0.6083163740008725
2025-04-09,04:00:00,0.04244614365340338,0.4491065306751882,0.12455985654006858,0.1500072163962024,0.2162951547004734,0.2420274400287386
2025-04-09,06:00:00,-0.06826637918785994,-0.3474286032029446,0.12455985654006858,-0.12858482333978832,0.5788362700006514,0.6083163740008725
2025-04-09,08:00:00,-0.7878977776560863,0.1304924771238898,-1.3500406135051468,-0.40717686307577905,-0.8713281912000604,-0.8568393618876629
2025-04-09,10:00:00,-0.4004039477116597,0.4491065306751882,0.12455985654006858,0.42859925613219313,-0.8713281912000604,-0.49055042791552905
2025-04-09,12:00:00,-1.0093228233386178,-0.3474286032029446,0.12455985654006858,-0.12858482333978832,-0.5087870758998825,-0.12426149394339522
2025-04-09,14:00:00,-0.677185254814823,2.12183031181925,-0.3653262230091464,0.5628929327452636,0.13743874248059815,-0.004503552466869304
2025-04-09,16:00:00,-1.3691385225727335,0.4491065306751882,-1.3500406135051468,-0.9643609425477605,-0.5087870758998825,-0.49055042791552905
2025-04-09,18:00:00,-0.677185254814823,-0.3474286032029446,-0.612740378482539,-0.12858482333978832,0.9413773853008294,0.9746053079730063
2025-04-09,20:00:00,-0.4834383398426072,-0.3474286032029446,-0.612740378482539,0.42859925613219313,-1.2338693065002384,-1.2231282958597967
2025-04-09,22:00:00,-0.5111164705529231,2.0421767984313974,-0.612740378482539,0.1500072163962024,0.2162951547004734,0.2420274400287386
2025-04-09,00:00:00,-0.5664727319735547,2.12183031181925,-0.612740378482539,0.1500072163962024,1.3039185006010072,1.3408942419451402
2025-04-10,02:00:00,-0.23433516344975983,1.2456416645532644,-0.612740378482539,0.1500072163962024,0.5788362700006514,0.6083163740008725
2025-04-10,04:00:00,-0.15130077131881234,0.4491065306751882,0.12455985654006858,0.42859925613219313,0.9413773853008294,0.9746053079730063
2025-04-10,06:00:00,-0.206657032739444,0.1304924771238898,-0.612740378482539,0.1500072163962024,-0.5087870758998825,-0.49055042791552905
2025-04-10,08:00:00,-0.7878977776560863,0.1304924771238898,-1.3500406135051468,-0.40717686307577905,-0.8713281912000604,-0.8568393618876629
2025-04-10,10:00:00,-0.4004039477116597,0.4491065306751882,0.12455985654006858,0.42859925613219313,-0.8713281912000604,-0.49055042791552905
2025-04-10,12:00:00,-1.0093228233386178,-0.3474286032029446,0.12455985654006858,-0.12858482333978832,-0.5087870758998825,-0.12426149394339522
2025-04-10,14:00:00,-1.0646790847592495,0.4491065306751882,-0.612740378482539,-0.40717686307577905,-0.5087870758998825,-0.49055042791552905
2025-04-10,16:00:00,-1.3691385225727335,0.4491065306751882,-1.3500406135051468,-0.9643609425477605,-0.5087870758998825,-0.49055042791552905
2025-04-10,18:00:00,-1.0370009540489336,-0.9846567103054282,-2.0873408485277545,-1.8001370617557326,-0.5087870758998825,-0.49055042791552905
2025-04-10,20:00:00,-1.6459198296758966,-0.3474286032029446,-1.3500406135051468,-1.8001370617557326,0.5788362700006514,0.6083163740008725
2025-04-10,22:00:00,-1.5075291761243126,0.4491065306751882,-1.3500406135051468,-1.521545022019742,-0.14624596059970457,-0.12426149394339522
2025-04-10,00:00:00,-1.3414603918624175,0.1304924771238898,-0.612740378482539,-1.521545022019742,-1.2338693065002384,-1.5894172298319305
2025-04-11,02:00:00,-1.286104130441781,0.4491065306751882,-2.0873408485277545,-1.521545022019742,1.3039185006010072,0.9746053079730063
2025-04-11,04:00:00,-1.6459198296758966,-2.259112924510452,-1.3500406135051468,-1.2429529822837513,1.3039185006010072,1.3408942419451402
2025-04-11,06:00:00,-1.562885437544949,0.1304924771238898,-1.3500406135051468,-1.2429529822837513,0.5788362700006514,0.6083163740008725
2025-04-11,08:00:00,-0.8986103004973545,0.1304924771238898,-1.3500406135051468,-0.9643609425477605,0.5788362700006514,0.6083163740008725
2025-04-11,10:00:00,-1.0093228233386178,0.4491065306751882,-0.612740378482539,-0.9643609425477605,1.3039185006010072,1.707183175917274
2025-04-11,12:00:00,-1.1477134768902018,-0.3474286032029446,-1.3500406135051468,-0.9643609425477605,-0.8713281912000604,-0.49055042791552905
2025-04-11,14:00:00,-1.1753916076005178,-0.3474286032029446,-1.3500406135051468,-1.2429529822837513,-0.8713281912000604,-0.49055042791552905
2025-04-11,16:00:00,-1.6459198296758966,-0.3474286032029446,-2.824641083550362,-2.357321141227714,-0.14624596059970457,-0.12426149394339522
2025-04-11,18:00:00,-1.7843104832274808,-1.4625777906323192,-2.0873408485277545,-1.8001370617557326,-0.5087870758998825,-0.49055042791552905
2025-04-11,20:00:00,-1.3691385225727335,0.9270276110020226,-2.0873408485277545,-1.2429529822837513,-1.2338693065002384,-1.2231282958597967
2025-04-11,22:00:00,-1.4521729147036808,-0.6660426567541864,-2.0873408485277545,-1.521545022019742,-0.5087870758998825,-0.8568393618876629
2025-04-11,00:00:00,-1.3691385225727335,0.1304924771238898,-1.3500406135051468,-1.521545022019742,-0.8713281912000604,-0.8568393618876629
2025-04-12,02:00:00,-1.286104130441781,0.4491065306751882,-2.0873408485277545,-1.521545022019742,1.3039185006010072,0.9746053079730063
2025-04-12,04:00:00,-1.286104130441781,-0.9846567103054282,-2.0873408485277545,-1.2429529822837513,1.3039185006010072,0.9746053079730063
2025-04-12,06:00:00,-1.562885437544949,0.1304924771238898,-1.3500406135051468,-1.2429529822837513,0.5788362700006514,0.6083163740008725
2025-04-12,08:00:00,-1.0370009540489336,-0.6660426567541864,-0.612740378482539,-1.2429529822837513,-1.2338693065002384,-1.2231282958597967
2025-04-12,10:00:00,-1.3968166532830493,0.1304924771238898,-0.612740378482539,-1.2429529822837513,-1.2338693065002384,-1.2231282958597967
2025-04-12,12:00:00,-1.7566323525171599,0.4491065306751882,-1.3500406135051468,-1.521545022019742,0.5788362700006514,0.6083163740008725
2025-04-12,14:00:00,-1.8119886139377965,0.1304924771238898,-0.612740378482539,-1.8001370617557326,1.6664596159011853,1.707183175917274
2025-04-12,16:00:00,-1.8119886139377965,0.1304924771238898,0.12455985654006858,-1.521545022019742,0.2162951547004734,0.2420274400287386
2025-04-12,18:00:00,-1.0646790847592495,-0.3474286032029446,-1.3500406135051468,-1.521545022019742,1.3039185006010072,1.3408942419451402
2025-04-12,20:00:00,-1.0093228233386178,-0.6660426567541864,-0.612740378482539,-1.521545022019742,-0.8713281912000604,-0.8568393618876629
2025-04-12,22:00:00,-1.4521729147036808,-0.6660426567541864,-2.0873408485277545,-1.521545022019742,-0.5087870758998825,-0.8568393618876629
2025-04-12,00:00:00,-1.3691385225727335,0.1304924771238898,-1.3500406135051468,-1.521545022019742,-0.8713281912000604,-0.8568393618876629
2025-04-13,02:00:00,-0.7878977776560863,1.2456416645532644,-0.612740378482539,0.1500072163962024,0.5788362700006514,0.6083163740008725
2025-04-13,04:00:00,-0.815575908366402,0.4491065306751882,-0.612740378482539,-1.2429529822837513,-1.2338693065002384,-1.5894172298319305
2025-04-13,06:00:00,-0.8432540390767228,-0.3474286032029446,-0.612740378482539,-1.2429529822837513,1.3039185006010072,1.3408942419451402
2025-04-13,08:00:00,-1.120035346179886,0.9270276110020226,-0.612740378482539,-1.2429529822837513,0.5788362700006514,0.6083163740008725
2025-04-13,10:00:00,-1.1477134768902018,-0.3474286032029446,-0.612740378482539,-1.521545022019742,-0.5087870758998825,-0.8568393618876629
2025-04-13,12:00:00,-1.2307478690211493,-2.3387664378982485,-1.3500406135051468,-3.471689300171677,1.3039185006010072,1.707183175917274
2025-04-13,14:00:00,-1.1477134768902018,-0.9846567103054282,-1.3500406135051468,-1.521545022019742,-1.2338693065002384,-1.5894172298319305
2025-04-13,16:00:00,-1.1477134768902018,1.7235627448801554,-1.3500406135051468,-1.521545022019742,0.9413773853008294,0.6083163740008725
2025-04-13,18:00:00,-1.1477134768902018,0.1304924771238898,-0.612740378482539,-1.521545022019742,1.3039185006010072,1.707183175917274
2025-04-13,20:00:00,-0.815575908366402,1.7235627448801554,-0.612740378482539,-1.2429529822837513,-0.8713281912000604,-1.2231282958597967
2025-04-13,22:00:00,-0.815575908366402,0.1304924771238898,0.12455985654006858,-1.2429529822837513,-0.8713281912000604,-0.8568393618876629
2025-04-13,00:00:00,-0.45576020913229137,-0.6660426567541864,-1.3500406135051468,-0.6857689028117697,0.9413773853008294,1.3408942419451402
2025-04-14,02:00:00,-0.45576020913229137,0.9270276110020226,-0.612740378482539,-0.6857689028117697,0.5788362700006514,0.6083163740008725
2025-04-14,04:00:00,-0.815575908366402,0.4491065306751882,-0.612740378482539,-1.2429529822837513,-1.2338693065002384,-1.5894172298319305
2025-04-14,06:00:00,-0.8432540390767228,-0.3474286032029446,-0.612740378482539,-1.2429529822837513,1.3039185006010072,1.3408942419451402
2025-04-14,08:00:00,-0.4834383398426072,0.1304924771238898,-0.612740378482539,-0.6857689028117697,0.5788362700006514,0.2420274400287386
2025-04-14,10:00:00,-0.7048633855251387,0.1304924771238898,-1.3500406135051468,-1.521545022019742,-0.8713281912000604,-0.8568393618876629
2025-04-14,12:00:00,-0.677185254814823,1.2456416645532644,-0.612740378482539,-1.521545022019742,-0.14624596059970457,-0.12426149394339522
2025-04-14,14:00:00,-0.7878977776560863,0.4491065306751882,-1.3500406135051468,-1.8001370617557326,-0.14624596059970457,-0.12426149394339522
2025-04-14,16:00:00,-0.8432540390767228,-0.9846567103054282,-1.3500406135051468,-2.0787291014917235,-0.5087870758998825,-0.12426149394339522
2025-04-14,18:00:00,-0.9539665619179861,1.2456416645532644,-1.3500406135051468,-2.0787291014917235,1.3039185006010072,1.707183175917274
2025-04-14,20:00:00,-1.9503792674893756,-0.6660426567541864,-1.3500406135051468,-1.8001370617557326,-0.5087870758998825,-0.49055042791552905
2025-04-14,22:00:00,-1.895023006068744,0.1304924771238898,-1.3500406135051468,-1.8001370617557326,0.2162951547004734,-0.12426149394339522
2025-04-14,00:00:00,-1.9227011367790598,0.1304924771238898,-1.3500406135051468,-1.521545022019742,1.6664596159011853,1.707183175917274
2025-04-15,02:00:00,-1.4798510454139968,-0.3474286032029446,-0.612740378482539,-1.2429529822837513,0.5788362700006514,0.6083163740008725
2025-04-15,04:00:00,-1.0923572154695702,1.2456416645532644,-0.612740378482539,-1.521545022019742,2.391541846501541,0.9746053079730063
2025-04-15,06:00:00,-0.8986103004973545,-2.259112924510452,-0.612740378482539,-1.2429529822837513,-1.5964104218004165,-1.5894172298319305
2025-04-15,08:00:00,-0.4834383398426072,0.1304924771238898,-0.612740378482539,-0.6857689028117697,0.5788362700006514,0.2420274400287386
2025-04-15,10:00:00,-0.7048633855251387,0.1304924771238898,-1.3500406135051468,-1.521545022019742,-0.8713281912000604,-0.8568393618876629
2025-04-15,12:00:00,-1.5352073068346332,0.9270276110020226,-2.0873408485277545,-1.8001370617557326,0.9413773853008294,0.9746053079730063
2025-04-15,14:00:00,-1.5352073068346332,-0.6660426567541864,3.0737607966304994,-1.521545022019742,0.9413773853008294,0.9746053079730063
2025-04-15,16:00:00,-1.562885437544949,2.12183031181925,-2.0873408485277545,-1.521545022019742,0.5788362700006514,0.2420274400287386
2025-04-15,18:00:00,-1.2030697383108335,0.4491065306751882,-1.3500406135051468,-1.8001370617557326,0.2162951547004734,0.2420274400287386
2025-04-15,20:00:00,-1.2030697383108335,1.2456416645532644,-2.0873408485277545,-1.521545022019742,0.5788362700006514,0.6083163740008725
2025-04-15,22:00:00,-2.310194966723491,-0.3474286032029446,-2.0873408485277545,-1.521545022019742,0.5788362700006514,0.2420274400287386
2025-04-15,00:00:00,-1.0646790847592495,-0.3474286032029446,-0.612740378482539,-1.521545022019742,0.5788362700006514,0.2420274400287386
2025-04-16,02:00:00,-1.9227011367790598,-1.4625777906323192,-1.3500406135051468,-1.2429529822837513,1.3039185006010072,1.707183175917274
2025-04-16,04:00:00,-1.8396667446481123,-0.6660426567541864,-2.0873408485277545,-1.2429529822837513,0.9413773853008294,0.9746053079730063
2025-04-16,06:00:00,-1.867344875358428,-0.3474286032029446,-1.3500406135051468,-1.2429529822837513,0.9413773853008294,0.9746053079730063
2025-04-16,08:00:00,-1.590563568255265,2.0421767984313974,-1.3500406135051468,-0.9643609425477605,1.6664596159011853,1.707183175917274
2025-04-16,10:00:00,-1.286104130441781,0.4491065306751882,-1.3500406135051468,-1.2429529822837513,-0.5087870758998825,-0.49055042791552905
2025-04-16,12:00:00,-1.4798510454139968,0.1304924771238898,-1.3500406135051468,-1.8001370617557326,-0.5087870758998825,-0.49055042791552905
2025-04-16,14:00:00,-1.562885437544949,-0.3474286032029446,-2.0873408485277545,-2.0787291014917235,0.2162951547004734,0.2420274400287386
2025-04-16,16:00:00,-1.562885437544949,2.12183031181925,-2.0873408485277545,-1.521545022019742,0.5788362700006514,0.2420274400287386
2025-04-16,18:00:00,-1.2030697383108335,0.4491065306751882,-1.3500406135051468,-1.8001370617557326,0.2162951547004734,0.2420274400287386
2025-04-16,20:00:00,-1.590563568255265,-1.4625777906323192,-1.3500406135051468,-3.193097260435686,0.9413773853008294,0.9746053079730063
2025-04-16,22:00:00,-1.4521729147036808,2.12183031181925,-2.824641083550362,-1.8001370617557326,0.2162951547004734,0.2420274400287386
2025-04-16,00:00:00,-1.5352073068346332,0.9270276110020226,-1.3500406135051468,-1.8001370617557326,-0.5087870758998825,-0.49055042791552905
2025-04-17,02:00:00,-1.258425999731465,0.1304924771238898,-1.3500406135051468,-1.521545022019742,0.9413773853008294,0.9746053079730063
2025-04-17,04:00:00,-1.1753916076005178,0.4491065306751882,-0.612740378482539,-1.2429529822837513,0.9413773853008294,0.6083163740008725
2025-04-17,06:00:00,-1.1477134768902018,1.7235627448801554,-1.3500406135051468,-1.2429529822837513,0.9413773853008294,0.9746053079730063
2025-04-17,08:00:00,-1.1753916076005178,2.12183031181925,-0.612740378482539,-1.521545022019742,-1.5964104218004165,-1.9557061638040645
2025-04-17,10:00:00,-1.120035346179886,-0.3474286032029446,-0.612740378482539,-1.2429529822837513,0.5788362700006514,0.6083163740008725
2025-04-17,12:00:00,-1.120035346179886,-0.3474286032029446,-1.3500406135051468,-1.521545022019742,-0.5087870758998825,-0.49055042791552905
2025-04-17,14:00:00,-1.0923572154695702,0.1304924771238898,-1.3500406135051468,-1.8001370617557326,0.2162951547004734,0.2420274400287386
2025-04-17,16:00:00,-1.3968166532830493,0.9270276110020226,-1.3500406135051468,-1.8001370617557326,0.9413773853008294,0.9746053079730063
2025-04-17,18:00:00,-1.562885437544949,0.4491065306751882,-1.3500406135051468,-2.0787291014917235,-1.2338693065002384,0.6083163740008725
2025-04-17,20:00:00,-1.590563568255265,-1.4625777906323192,-1.3500406135051468,-3.193097260435686,0.9413773853008294,0.9746053079730063
2025-04-17,22:00:00,-1.4521729147036808,2.12183031181925,-2.824641083550362,-1.8001370617557326,0.2162951547004734,0.2420274400287386
2025-04-17,00:00:00,-1.5352073068346332,0.9270276110020226,-1.3500406135051468,-1.8001370617557326,-0.5087870758998825,-0.49055042791552905
2025-04-18,02:00:00,-1.0646790847592495,-0.3474286032029446,-2.0873408485277545,-1.2429529822837513,3.660435750052164,0.6083163740008725
2025-04-18,04:00:00,-1.0646790847592495,1.8828697716558047,0.12455985654006858,-1.2429529822837513,3.660435750052164,0.6083163740008725
2025-04-18,06:00:00,-1.1477134768902018,1.7235627448801554,-1.3500406135051468,-1.2429529822837513,0.9413773853008294,0.9746053079730063
2025-04-18,08:00:00,-1.120035346179886,0.4491065306751882,-2.0873408485277545,-0.9643609425477605,1.3039185006010072,1.3408942419451402
2025-04-18,10:00:00,-1.120035346179886,-0.3474286032029446,-1.3500406135051468,-0.9643609425477605,0.5788362700006514,0.2420274400287386
2025-04-18,12:00:00,-1.3691385225727335,1.7235627448801554,-1.3500406135051468,-1.2429529822837513,-0.5087870758998825,-0.49055042791552905
2025-04-18,14:00:00,-1.424494783993365,1.2456416645532644,-1.3500406135051468,-1.2429529822837513,-0.5087870758998825,-0.49055042791552905
2025-04-18,16:00:00,-1.3968166532830493,0.1304924771238898,-2.0873408485277545,-1.521545022019742,0.2162951547004734,-0.12426149394339522
2025-04-18,18:00:00,-1.4521729147036808,-0.3474286032029446,-2.0873408485277545,-1.521545022019742,0.5788362700006514,0.6083163740008725
2025-04-18,20:00:00,-0.815575908366402,1.7235627448801554,-0.612740378482539,-1.2429529822837513,-0.8713281912000604,-1.2231282958597967
2025-04-18,22:00:00,-1.0646790847592495,0.1304924771238898,-0.612740378482539,-0.6857689028117697,0.9413773853008294,0.9746053079730063
2025-04-18,00:00:00,-1.9227011367790598,0.1304924771238898,-1.3500406135051468,-1.521545022019742,1.6664596159011853,1.707183175917274
2025-04-19,02:00:00,-1.0646790847592495,-0.3474286032029446,-2.0873408485277545,-1.2429529822837513,3.660435750052164,0.6083163740008725
2025-04-19,04:00:00,-0.9539665619179861,1.2456416645532644,-1.3500406135051468,-0.6857689028117697,-1.2338693065002384,-1.2231282958597967
2025-04-19,06:00:00,-1.258425999731465,0.4491065306751882,-1.3500406135051468,-0.9643609425477605,-1.2338693065002384,-1.5894172298319305
2025-04-19,08:00:00,-1.286104130441781,0.4491065306751882,-1.3500406135051468,-0.9643609425477605,0.9413773853008294,0.9746053079730063
2025-04-19,10:00:00,-1.9503792674893756,-0.9846567103054282,-1.3500406135051468,-0.40717686307577905,-0.14624596059970457,-0.12426149394339522
2025-04-19,12:00:00,-3.095561925628723,2.0421767984313974,-1.3500406135051468,-0.9643609425477605,-0.14624596059970457,-0.12426149394339522
2025-04-19,14:00:00,-2.393229358854439,0.4491065306751882,-2.0873408485277545,-1.2429529822837513,-0.14624596059970457,-0.12426149394339522
2025-04-19,16:00:00,-3.095561925628723,0.1304924771238898,-0.612740378482539,-1.2429529822837513,-0.5087870758998825,-0.49055042791552905
2025-04-19,18:00:00,-3.0298263651917177,0.4491065306751882,-1.3500406135051468,-1.2429529822837513,0.9413773853008294,0.9746053079730063
2025-04-19,20:00:00,-0.815575908366402,1.7235627448801554,-0.612740378482539,-1.2429529822837513,-0.8713281912000604,-1.2231282958597967
2025-04-19,22:00:00,-1.0646790847592495,0.1304924771238898,-0.612740378482539,-0.6857689028117697,0.9413773853008294,0.9746053079730063
2025-04-19,00:00:00,0.005109299743486418,0.1304924771238898,-2.824641083550362,0.5628929327452636,1.6664596159011853,1.707183175917274
2025-04-20,02:00:00,0.005109299743486418,0.1304924771238898,-2.824641083550362,0.5628929327452636,1.6664596159011853,1.707183175917274
2025-04-20,04:00:00,0.005109299743486418,2.12183031181925,-2.824641083550362,0.5628929327452636,-0.5087870758998825,-1.5894172298319305
2025-04-20,06:00:00,-1.1753916076005178,0.1304924771238898,-2.0873408485277545,-0.9643609425477605,1.3039185006010072,1.3408942419451402
2025-04-20,08:00:00,-1.1753916076005178,0.4491065306751882,-1.3500406135051468,-0.9643609425477605,0.2162951547004734,0.2420274400287386
2025-04-20,10:00:00,-1.2307478690211493,0.4491065306751882,-2.0873408485277545,-0.9643609425477605,0.9413773853008294,0.9746053079730063
2025-04-20,12:00:00,-1.2307478690211493,1.2456416645532644,-1.3500406135051468,-0.9643609425477605,-0.5087870758998825,-0.49055042791552905
2025-04-20,14:00:00,-1.2307478690211493,0.4491065306751882,-1.3500406135051468,-1.2429529822837513,-0.14624596059970457,0.2420274400287386
2025-04-20,16:00:00,-1.3691385225727335,-0.3474286032029446,-2.0873408485277545,-1.521545022019742,-0.14624596059970457,0.2420274400287386
2025-04-20,18:00:00,-1.1753916076005178,-0.3474286032029446,-1.3500406135051468,-0.9643609425477605,-0.8713281912000604,-0.49055042791552905
2025-04-20,20:00:00,-1.4798510454139968,0.4491065306751882,-1.3500406135051468,-0.40717686307577905,-0.14624596059970457,-0.12426149394339522
2025-04-20,22:00:00,-2.033413659620328,0.9270276110020226,-1.3500406135051468,-0.12858482333978832,-0.5087870758998825,-0.12426149394339522
2025-04-20,00:00:00,0.005109299743486418,2.12183031181925,-2.824641083550362,0.5628929327452636,0.2162951547004734,-0.8568393618876629
2025-04-21,02:00:00,0.005109299743486418,0.4491065306751882,-2.824641083550362,0.5628929327452636,0.5788362700006514,-0.12426149394339522
2025-04-21,04:00:00,-1.0646790847592495,-2.3387664378982485,1.5991603265852676,0.1500072163962024,1.6664596159011853,1.707183175917274
2025-04-21,06:00:00,-0.677185254814823,-2.3387664378982485,1.5991603265852676,0.1500072163962024,1.6664596159011853,1.707183175917274
2025-04-21,08:00:00,-1.1753916076005178,-2.3387664378982485,-0.612740378482539,-0.9643609425477605,0.2162951547004734,0.2420274400287386
2025-04-21,10:00:00,-1.2307478690211493,-2.3387664378982485,0.12455985654006858,-0.9643609425477605,0.9413773853008294,0.9746053079730063
2025-04-21,12:00:00,-1.2307478690211493,-2.3387664378982485,-0.612740378482539,-0.9643609425477605,-0.5087870758998825,-0.49055042791552905
2025-04-21,14:00:00,-1.2307478690211493,-2.3387664378982485,-0.612740378482539,-1.2429529822837513,-0.14624596059970457,0.2420274400287386
2025-04-21,16:00:00,-1.3691385225727335,-2.3387664378982485,-1.3500406135051468,-1.521545022019742,-0.14624596059970457,0.2420274400287386
2025-04-21,18:00:00,-0.8709321697870387,-2.3387664378982485,0.12455985654006858,0.42859925613219313,-0.5087870758998825,-0.12426149394339522
2025-04-21,20:00:00,-0.17897890202912817,-2.3387664378982485,0.8618600915626763,0.9857833356041745,-1.2338693065002384,-1.2231282958597967
2025-04-21,22:00:00,-1.7566323525171599,-2.3387664378982485,1.5991603265852676,0.9857833356041745,0.2162951547004734,0.2420274400287386
2025-04-21,00:00:00,0.18083679720498744,-2.3387664378982485,1.5991603265852676,0.9857833356041745,0.9413773853008294,0.9746053079730063
2025-04-22,02:00:00,0.20851492791530327,0.4491065306751882,0.8618600915626763,0.9857833356041745,1.6664596159011853,1.707183175917274
2025-04-22,04:00:00,0.2361930586256191,-0.3474286032029446,0.8618600915626763,1.2643753753401652,-0.8713281912000604,-0.8568393618876629
2025-04-22,06:00:00,1.343318287038277,-0.6660426567541864,0.8618600915626763,0.9857833356041745,0.5788362700006514,0.6083163740008725
2025-04-22,08:00:00,1.0665369799351136,-0.6660426567541864,0.8618600915626763,1.2643753753401652,-1.2338693065002384,-1.2231282958597967
2025-04-22,10:00:00,1.0665369799351136,-0.6660426567541864,0.8618600915626763,0.9857833356041745,-0.5087870758998825,-0.49055042791552905
2025-04-22,12:00:00,0.9835025878041612,-0.6660426567541864,0.8618600915626763,1.2643753753401652,-0.8713281912000604,-1.2231282958597967
2025-04-22,14:00:00,0.9835025878041612,-0.6660426567541864,0.8618600915626763,1.2643753753401652,-0.8713281912000604,-1.2231282958597967
2025-04-22,16:00:00,0.9281463263835296,-0.6660426567541864,0.8618600915626763,0.9857833356041745,1.3039185006010072,1.3408942419451402
2025-04-22,18:00:00,1.2049276334866927,1.2456416645532644,0.8618600915626763,0.9857833356041745,1.3039185006010072,1.3408942419451402
2025-04-22,20:00:00,1.1218932413557452,-0.9846567103054282,0.8618600915626763,0.9857833356041745,-1.2338693065002384,-1.2231282958597967
2025-04-22,22:00:00,1.1218932413557452,2.12183031181925,0.12455985654006858,1.2643753753401652,-0.5087870758998825,-0.49055042791552905
2025-04-22,00:00:00,1.0111807185144819,-0.3474286032029446,0.8618600915626763,1.2643753753401652,1.3039185006010072,1.707183175917274
2025-04-23,02:00:00,1.1218932413557452,0.4491065306751882,0.8618600915626763,1.2643753753401652,-0.5087870758998825,-0.49055042791552905
2025-04-23,04:00:00,1.177249502776377,-0.3474286032029446,0.12455985654006858,1.2643753753401652,-0.8713281912000604,-0.49055042791552905
2025-04-23,06:00:00,1.1218932413557452,2.12183031181925,0.8618600915626763,1.2643753753401652,-0.8713281912000604,-0.8568393618876629
2025-04-23,08:00:00,1.2049276334866927,-0.3474286032029446,0.8618600915626763,0.9857833356041745,0.2162951547004734,0.2420274400287386
2025-04-23,10:00:00,1.3986745484589085,-1.4625777906323192,0.12455985654006858,1.2643753753401652,0.5788362700006514,0.6083163740008725
2025-04-23,12:00:00,1.343318287038277,-1.4625777906323192,0.12455985654006858,0.9857833356041745,0.9413773853008294,-0.49055042791552905
2025-04-23,14:00:00,1.5370652020104925,-1.4625777906323192,0.12455985654006858,1.2643753753401652,0.5788362700006514,0.6083163740008725
2025-04-23,16:00:00,1.3986745484589085,-1.4625777906323192,0.12455985654006858,1.2643753753401652,-1.2338693065002384,-1.2231282958597967
2025-04-23,18:00:00,1.343318287038277,-1.4625777906323192,0.12455985654006858,0.9857833356041745,-0.5087870758998825,-0.49055042791552905
2025-04-23,20:00:00,1.1218932413557452,0.1304924771238898,0.8618600915626763,0.9857833356041745,1.3039185006010072,1.707183175917274
2025-04-23,22:00:00,0.9835025878041612,-2.259112924510452,-0.612740378482539,0.9857833356041745,1.3039185006010072,1.707183175917274
2025-04-23,00:00:00,0.7897556728319505,-0.3474286032029446,0.12455985654006858,1.2643753753401652,-0.8713281912000604,-0.49055042791552905
2025-04-24,02:00:00,0.8451119342525821,0.4491065306751882,0.8618600915626763,1.2643753753401652,-0.5087870758998825,-0.49055042791552905
2025-04-24,04:00:00,0.706721280700998,-0.3474286032029446,0.8618600915626763,1.2643753753401652,0.2162951547004734,0.2420274400287386
2025-04-24,06:00:00,0.8727900649628979,0.1304924771238898,0.12455985654006858,1.2643753753401652,0.9413773853008294,0.9746053079730063
2025-04-24,08:00:00,1.5370652020104925,0.1304924771238898,0.8618600915626763,1.2643753753401652,-0.14624596059970457,-0.12426149394339522
2025-04-24,10:00:00,1.3986745484589085,-0.6660426567541864,0.8618600915626763,1.2643753753401652,-0.8713281912000604,-0.49055042791552905
2025-04-24,12:00:00,1.2879620256176452,1.2456416645532644,0.8618600915626763,1.2643753753401652,-0.14624596059970457,-0.12426149394339522
2025-04-24,14:00:00,1.2049276334866927,2.12183031181925,0.12455985654006858,0.9857833356041745,-0.5087870758998825,-0.12426149394339522
2025-04-24,16:00:00,1.1495713720660612,-0.6660426567541864,1.5991603265852676,0.9857833356041745,-0.8713281912000604,-0.49055042791552905
2025-04-24,18:00:00,1.1495713720660612,-0.3474286032029446,0.12455985654006858,0.9857833356041745,0.2162951547004734,0.6083163740008725
2025-04-24,20:00:00,1.0665369799351136,-0.3474286032029446,0.12455985654006858,0.9857833356041745,-0.8713281912000604,-0.8568393618876629
2025-04-24,22:00:00,0.9835025878041612,-0.3474286032029446,0.12455985654006858,0.9857833356041745,0.2162951547004734,-0.49055042791552905
2025-04-24,00:00:00,1.0111807185144819,0.1304924771238898,0.12455985654006858,0.9857833356041745,-0.14624596059970457,-1.5894172298319305
2025-04-25,02:00:00,0.8451119342525821,-0.3474286032029446,0.8618600915626763,0.9857833356041745,1.6664596159011853,1.707183175917274
2025-04-25,04:00:00,1.0388588492247979,-0.3474286032029446,0.8618600915626763,0.9857833356041745,-1.2338693065002384,-1.2231282958597967
2025-04-25,06:00:00,0.8727900649628979,0.1304924771238898,0.12455985654006858,1.2643753753401652,0.9413773853008294,0.9746053079730063
2025-04-25,08:00:00,1.0388588492247979,-0.3474286032029446,0.8618600915626763,1.2643753753401652,-0.5087870758998825,-0.49055042791552905
2025-04-25,10:00:00,1.0388588492247979,-0.9846567103054282,0.8618600915626763,0.9857833356041745,-0.5087870758998825,-0.49055042791552905
2025-04-25,12:00:00,1.0388588492247979,0.1304924771238898,0.8618600915626763,1.2643753753401652,-0.5087870758998825,-0.49055042791552905
2025-04-25,14:00:00,1.0665369799351136,0.4491065306751882,0.8618600915626763,1.2643753753401652,-0.5087870758998825,-0.49055042791552905
2025-04-25,16:00:00,1.0665369799351136,0.9270276110020226,0.8618600915626763,1.2643753753401652,-0.5087870758998825,-0.49055042791552905
2025-04-25,18:00:00,2.9105924385099446,0.9270276110020226,0.8618600915626763,1.2643753753401652,-1.2338693065002384,-1.2231282958597967
2025-04-25,20:00:00,1.1495713720660612,-0.3474286032029446,0.8618600915626763,1.2643753753401652,-1.2338693065002384,-0.8568393618876629
2025-04-25,22:00:00,1.1495713720660612,-0.3474286032029446,0.8618600915626763,1.2643753753401652,-1.2338693065002384,-0.8568393618876629
2025-04-25,00:00:00,1.1495713720660612,-0.3474286032029446,0.8618600915626763,1.2643753753401652,-1.2338693065002384,-0.8568393618876629
2025-04-26,02:00:00,1.1495713720660612,-0.6660426567541864,0.8618600915626763,1.5429674150761559,-0.5087870758998825,-0.49055042791552905
2025-04-26,04:00:00,1.9522371626652397,1.7235627448801554,0.8618600915626763,1.5429674150761559,-1.2338693065002384,-1.2231282958597967
2025-04-26,06:00:00,1.9799152933755557,0.4491065306751882,0.8618600915626763,1.5429674150761559,-1.2338693065002384,-1.2231282958597967
2025-04-26,08:00:00,1.8415246398239715,-0.9846567103054282,0.8618600915626763,1.2643753753401652,-0.5087870758998825,-0.49055042791552905
2025-04-26,10:00:00,1.8415246398239715,1.7235627448801554,0.12455985654006858,1.5429674150761559,-0.5087870758998825,-0.49055042791552905
2025-04-26,12:00:00,1.62009959414144,-0.6660426567541864,0.8618600915626763,1.2643753753401652,-0.14624596059970457,-0.12426149394339522
2025-04-26,14:00:00,1.78616837840334,0.1304924771238898,0.12455985654006858,1.2643753753401652,-1.2338693065002384,-0.8568393618876629
2025-04-26,16:00:00,1.8138465091136557,-0.6660426567541864,0.8618600915626763,1.2643753753401652,-0.8713281912000604,-0.49055042791552905
2025-04-26,18:00:00,1.7031339862723924,-0.6660426567541864,0.8618600915626763,1.2643753753401652,-0.8713281912000604,-0.49055042791552905
2025-04-26,20:00:00,1.7031339862723924,-0.6660426567541864,0.8618600915626763,1.2643753753401652,-0.8713281912000604,-0.49055042791552905
2025-04-26,22:00:00,2.0075934240858713,-0.6660426567541864,0.8618600915626763,1.2643753753401652,-0.8713281912000604,-0.8568393618876629
2025-04-26,00:00:00,2.090627816216819,2.0421767984313974,0.8618600915626763,1.5429674150761559,0.5788362700006514,0.6083163740008725
2025-04-27,02:00:00,1.9799152933755557,-1.4625777906323192,0.8618600915626763,1.5429674150761559,0.9413773853008294,0.9746053079730063
2025-04-27,04:00:00,2.0075934240858713,0.9270276110020226,0.8618600915626763,1.5429674150761559,-1.2338693065002384,-1.2231282958597967
2025-04-27,06:00:00,1.9799152933755557,0.4491065306751882,0.8618600915626763,1.5429674150761559,1.3039185006010072,1.707183175917274
2025-04-27,08:00:00,1.5647433327208085,1.2456416645532644,0.8618600915626763,1.2643753753401652,0.2162951547004734,0.2420274400287386
2025-04-27,10:00:00,1.6754558555620718,-0.3474286032029446,0.8618600915626763,1.5429674150761559,-0.5087870758998825,-0.49055042791552905
2025-04-27,12:00:00,1.62009959414144,-0.6660426567541864,0.8618600915626763,1.2643753753401652,-0.14624596059970457,-0.12426149394339522
2025-04-27,14:00:00,1.78616837840334,0.1304924771238898,0.12455985654006858,1.2643753753401652,-1.2338693065002384,-0.8568393618876629
2025-04-27,16:00:00,1.8138465091136557,-0.6660426567541864,0.8618600915626763,1.2643753753401652,-0.8713281912000604,-0.49055042791552905
2025-04-27,18:00:00,1.8692027705342875,-2.3387664378982485,1.5991603265852676,1.2643753753401652,-0.8713281912000604,-0.8568393618876629
2025-04-27,20:00:00,1.8968809012446033,0.4491065306751882,1.5991603265852676,1.5429674150761559,-0.5087870758998825,-0.49055042791552905
2025-04-27,22:00:00,1.8138465091136557,-1.781191844183561,0.8618600915626763,1.5429674150761559,0.5788362700006514,0.6083163740008725
2025-04-27,00:00:00,2.0075934240858713,1.7235627448801554,0.8618600915626763,1.2643753753401652,1.3039185006010072,1.707183175917274
2025-04-28,02:00:00,1.7584902476930242,0.4491065306751882,0.8618600915626763,1.5429674150761559,0.9413773853008294,0.9746053079730063
2025-04-28,04:00:00,2.090627816216819,-0.3474286032029446,0.12455985654006858,1.5429674150761559,0.5788362700006514,0.6083163740008725
2025-04-28,06:00:00,2.090627816216819,-0.9846567103054282,0.8618600915626763,1.5429674150761559,-0.14624596059970457,-0.12426149394339522
2025-04-28,08:00:00,1.5647433327208085,1.2456416645532644,0.8618600915626763,1.2643753753401652,0.2162951547004734,0.2420274400287386
2025-04-28,10:00:00,1.6754558555620718,-0.3474286032029446,0.8618600915626763,1.5429674150761559,-0.5087870758998825,-0.49055042791552905
2025-04-28,12:00:00,1.62009959414144,-0.6660426567541864,0.8618600915626763,1.2643753753401652,-0.14624596059970457,-0.12426149394339522
2025-04-28,14:00:00,1.78616837840334,0.1304924771238898,0.12455985654006858,1.2643753753401652,-1.2338693065002384,-0.8568393618876629
2025-04-28,16:00:00,1.8692027705342875,0.4491065306751882,0.12455985654006858,0.7071912958681839,-0.5087870758998825,-0.49055042791552905
2025-04-28,18:00:00,1.9522371626652397,0.1304924771238898,0.12455985654006858,0.9857833356041745,-0.8713281912000604,-0.8568393618876629
2025-04-28,20:00:00,2.0075934240858713,0.1304924771238898,0.12455985654006858,1.5429674150761559,-0.8713281912000604,-0.8568393618876629
2025-04-28,22:00:00,1.9522371626652397,-0.3474286032029446,0.8618600915626763,1.2643753753401652,-0.5087870758998825,-0.49055042791552905
2025-04-28,00:00:00,1.9799152933755557,-0.6660426567541864,0.8618600915626763,1.2643753753401652,0.9413773853008294,0.9746053079730063
2025-04-29,02:00:00,1.9799152933755557,-0.9846567103054282,0.8618600915626763,1.2643753753401652,1.6664596159011853,1.707183175917274
2025-04-29,04:00:00,2.0075934240858713,-1.781191844183561,0.8618600915626763,1.2643753753401652,0.9413773853008294,0.9746053079730063
2025-04-29,06:00:00,1.9522371626652397,0.1304924771238898,0.8618600915626763,1.2643753753401652,1.3039185006010072,1.3408942419451402
2025-04-29,08:00:00,2.118305946927135,-0.6660426567541864,0.8618600915626763,1.8215594548121468,-0.5087870758998825,-0.12426149394339522
2025-04-29,10:00:00,2.284374731189035,0.1304924771238898,0.8618600915626763,1.5429674150761559,-0.5087870758998825,-0.12426149394339522
2025-04-29,12:00:00,1.5647433327208085,0.1304924771238898,0.8618600915626763,1.2643753753401652,-0.5087870758998825,-0.49055042791552905
2025-04-29,14:00:00,1.2049276334866927,-0.3474286032029446,0.12455985654006858,0.9857833356041745,-0.14624596059970457,-0.12426149394339522
2025-04-29,16:00:00,1.2326057641970085,-2.259112924510452,0.8618600915626763,0.7071912958681839,-0.5087870758998825,-0.12426149394339522
2025-04-29,18:00:00,1.343318287038277,0.9270276110020226,0.8618600915626763,0.7071912958681839,-0.5087870758998825,-0.49055042791552905
2025-04-29,20:00:00,2.1736622083477712,0.1304924771238898,0.8618600915626763,2.1001514945481374,-1.2338693065002384,-0.8568393618876629
2025-04-29,22:00:00,2.090627816216819,0.1304924771238898,1.5991603265852676,1.8215594548121468,-0.8713281912000604,-0.8568393618876629
2025-04-29,00:00:00,2.118305946927135,-0.3474286032029446,0.8618600915626763,1.5429674150761559,0.9413773853008294,0.9746053079730063
2025-04-30,02:00:00,0.005109299743486418,2.12183031181925,-2.824641083550362,0.5628929327452636,0.2162951547004734,-0.49055042791552905
2025-04-30,04:00:00,0.005109299743486418,2.12183031181925,-2.824641083550362,0.5628929327452636,0.2162951547004734,-0.8568393618876629
2025-04-30,06:00:00,1.9522371626652397,0.4491065306751882,1.5991603265852676,2.1001514945481374,-1.2338693065002384,-1.2231282958597967
2025-04-30,08:00:00,1.8692027705342875,-0.6660426567541864,1.5991603265852676,2.378743534284128,0.2162951547004734,0.6083163740008725
2025-04-30,10:00:00,1.9522371626652397,-0.3474286032029446,0.8618600915626763,2.378743534284128,-0.5087870758998825,-0.12426149394339522
2025-04-30,12:00:00,1.9522371626652397,-0.6660426567541864,1.5991603265852676,2.1001514945481374,-0.14624596059970457,0.2420274400287386
2025-04-30,14:00:00,1.8692027705342875,0.9270276110020226,0.8618600915626763,1.8215594548121468,-0.5087870758998825,-0.12426149394339522
2025-04-30,16:00:00,1.8692027705342875,-0.9846567103054282,2.336460561607875,1.5429674150761559,-0.5087870758998825,-0.49055042791552905
2025-04-30,18:00:00,1.8138465091136557,0.1304924771238898,1.5991603265852676,2.1001514945481374,-0.8713281912000604,-0.8568393618876629
2025-04-30,20:00:00,2.1736622083477712,0.1304924771238898,0.8618600915626763,2.1001514945481374,-1.2338693065002384,-0.8568393618876629
2025-04-30,22:00:00,2.090627816216819,0.1304924771238898,1.5991603265852676,1.8215594548121468,-0.8713281912000604,-0.8568393618876629
2025-04-30,00:00:00,2.118305946927135,-0.3474286032029446,0.8618600915626763,1.5429674150761559,0.9413773853008294,0.9746053079730063
